pmhc_id,tcr_id
1ao7,2f54
1ao7,5tje
1ao7,6mtm
1ao7,7jwi
1ao7,7na5
1ao7,7pbc
1ao7,7r80
1ao7,8ryp
1ao7,8v50
1ao7,9j4u
1bd2,3mv8
1bd2,3nfj
1bd2,3w0w
1bd2,4g8g
1bd2,5euo
1bd2,5sws
1bd2,6avf
1bd2,6r2l
1bd2,9hlj
1bd2,9ru5
1d9k,2z31
1d9k,3c6l
1d9k,4z7u
1d9k,4z7w
1d9k,5ksb
1d9k,6mkr
1d9k,6px6
1d9k,6xc9
1d9k,7t2b
1d9k,8vcy
1fo0,1ao7
1fo0,1mwa
1fo0,2vlj
1fo0,3mv7
1fo0,5c0b
1fo0,5w1v
1fo0,7ow5
1fo0,8es9
1fo0,8ryp
1fo0,9nmv
1fyt,2wbj
1fyt,4grl
1fyt,4ozg
1fyt,4p23
1fyt,4z7v
1fyt,4z7w
1fyt,6u3n
1fyt,6xco
1fyt,7t2b
1fyt,8vq8
1g6r,3gsn
1g6r,3kxf
1g6r,3qdj
1g6r,4eup
1g6r,5men
1g6r,6l9l
1g6r,6tmo
1g6r,8gon
1g6r,8wte
1g6r,9j4t
1j8h,3pl6
1j8h,4may
1j8h,4p4k
1j8h,4p5t
1j8h,4z7w
1j8h,6v19
1j8h,6v1a
1j8h,7sg0
1j8h,7sg2
1j8h,8vq8
1jtr,2ckb
1jtr,3kxf
1jtr,4qok
1jtr,4qrp
1jtr,4qrr
1jtr,5nht
1jtr,6bj8
1jtr,6rsy
1jtr,7na5
1jtr,8f5a
1kj2,2f53
1kj2,3d39
1kj2,3gsn
1kj2,3kps
1kj2,3utt
1kj2,4g9f
1kj2,5w1v
1kj2,7ndu
1kj2,8ryo
1kj2,9nmx
1lp9,3h9s
1lp9,5eu6
1lp9,5m01
1lp9,5yxn
1lp9,5yxu
1lp9,7dzn
1lp9,7qpj
1lp9,8gvb
1lp9,8ye4
1lp9,9nmw
1mi5,1nam
1mi5,3rgv
1mi5,4zez
1mi5,5hhm
1mi5,5nme
1mi5,5xot
1mi5,6ulr
1mi5,6vmc
1mi5,7n2q
1mi5,8v51
1mwa,2jcc
1mwa,2vlj
1mwa,3dxa
1mwa,3o4l
1mwa,4ftv
1mwa,4mxq
1mwa,5hhm
1mwa,6vma
1mwa,7rtr
1mwa,9rup
1nam,1qse
1nam,2ak4
1nam,2esv
1nam,3kxf
1nam,3rgv
1nam,3tf7
1nam,3tjh
1nam,4qrr
1nam,7n2p
1nam,7ndu
1oga,1qse
1oga,2vlj
1oga,3o4l
1oga,3tjh
1oga,4qok
1oga,5bs0
1oga,5d2n
1oga,5w1v
1oga,7rm4
1oga,8ryq
1qrn,2vlj
1qrn,3d39
1qrn,3d3v
1qrn,4pri
1qrn,5hho
1qrn,6l9l
1qrn,6zkz
1qrn,8enh
1qrn,8rlv
1qrn,9gv7
1qse,2f54
1qse,2pye
1qse,3o4l
1qse,4mvb
1qse,5c09
1qse,5c0b
1qse,5w1v
1qse,7jwi
1qse,7ndu
1qse,8rro
1qsf,1lp9
1qsf,3sjv
1qsf,4jry
1qsf,4l3e
1qsf,4n5e
1qsf,5sws
1qsf,6vrn
1qsf,8es9
1qsf,8rym
1qsf,9pbh
1u3h,4p2o
1u3h,4y1a
1u3h,5ksb
1u3h,6cqq
1u3h,6dfw
1u3h,6v0y
1u3h,6xco
1u3h,8trl
1u3h,8trq
1u3h,8vcy
1ymm,1fyt
1ymm,2iam
1ymm,3c5z
1ymm,3rdt
1ymm,4p46
1ymm,4z7w
1ymm,6mnn
1ymm,6v19
1ymm,6xc9
1ymm,8vd0
1zgl,3qiu
1zgl,4ozi
1zgl,4p4k
1zgl,5ksb
1zgl,6py2
1zgl,7sg0
1zgl,7t2b
1zgl,7t2c
1zgl,7z50
1zgl,8vcx
2ak4,1ao7
2ak4,3gsn
2ak4,3vxm
2ak4,4jry
2ak4,5brz
2ak4,5men
2ak4,6r2l
2ak4,6vmc
2ak4,7ndq
2ak4,7q9a
2bnq,2ckb
2bnq,2jcc
2bnq,4mnq
2bnq,5hyj
2bnq,7n4k
2bnq,7ow6
2bnq,7q9a
2bnq,7qpj
2bnq,8gom
2bnq,8gon
2bnr,1ao7
2bnr,2f53
2bnr,2vlk
2bnr,4jrx
2bnr,5tje
2bnr,6ulr
2bnr,8gom
2bnr,8v51
2bnr,8yiv
2bnr,9pbg
2ckb,1mi5
2ckb,2oi9
2ckb,3h9s
2ckb,3utt
2ckb,4qrr
2ckb,6rp9
2ckb,7ow6
2ckb,7q9a
2ckb,7q9b
2ckb,8rlv
2e7l,1bd2
2e7l,1mi5
2e7l,3nfj
2e7l,3sjv
2e7l,4zez
2e7l,5c08
2e7l,5e9d
2e7l,6l9l
2e7l,6rpb
2e7l,9pbg
2esv,1qrn
2esv,3gsn
2esv,3o4l
2esv,3rgv
2esv,4prp
2esv,5yxn
2esv,6amu
2esv,7nmg
2esv,8gvg
2esv,8ryo
2f53,1nam
2f53,2f54
2f53,2gj6
2f53,3qfj
2f53,3vxr
2f53,4jff
2f53,5til
2f53,6am5
2f53,6zkx
2f53,9nmv
2f54,2gj6
2f54,5c0c
2f54,5tje
2f54,6rpb
2f54,7n2n
2f54,7n2q
2f54,8en8
2f54,8i5d
2f54,8yiv
2f54,9wbd
2gj6,1jtr
2gj6,3vxu
2gj6,4jfd
2gj6,4prh
2gj6,5d2l
2gj6,5xot
2gj6,6d78
2gj6,6vma
2gj6,6vmx
2gj6,7n2s
2iam,1ymm
2iam,1zgl
2iam,3c60
2iam,3rdt
2iam,3t0e
2iam,4p2r
2iam,5ks9
2iam,6cql
2iam,7t2c
2iam,9aud
2ian,2iam
2ian,3o6f
2ian,3qib
2ian,4ozi
2ian,4p5t
2ian,6bga
2ian,6cqr
2ian,6py2
2ian,6v1a
2ian,7rdv
2j8u,3d3v
2j8u,3qdj
2j8u,4prh
2j8u,6g9q
2j8u,6l9l
2j8u,6q3s
2j8u,6vm7
2j8u,7pb2
2j8u,7q9a
2j8u,9nmw
2jcc,3nfj
2jcc,3rgv
2jcc,3tjh
2jcc,6vmx
2jcc,6vrn
2jcc,7rtr
2jcc,8ryn
2jcc,8ryq
2jcc,8shi
2jcc,8yj2
2nx5,2esv
2nx5,2vlr
2nx5,3hg1
2nx5,3kpr
2nx5,4jff
2nx5,4ms8
2nx5,5c08
2nx5,6l9l
2nx5,6vmc
2nx5,7n2s
2oi9,1jtr
2oi9,2vlj
2oi9,3nfj
2oi9,5hho
2oi9,6bj8
2oi9,7na5
2oi9,7nme
2oi9,8gon
2oi9,8wte
2oi9,9nmu
2ol3,3h9s
2ol3,4ms8
2ol3,5brz
2ol3,5euo
2ol3,5hhm
2ol3,5w1v
2ol3,7jwi
2ol3,7n2o
2ol3,7rk7
2ol3,8d5q
2p5e,2ak4
2p5e,2vlk
2p5e,3qfj
2p5e,3sjv
2p5e,5c0a
2p5e,5til
2p5e,7nmg
2p5e,8gvg
2p5e,8yj2
2p5e,9nmy
2p5w,2f54
2p5w,3pwp
2p5w,4ftv
2p5w,4jfd
2p5w,5c08
2p5w,5d2l
2p5w,5eu6
2p5w,7n1e
2p5w,7n4k
2p5w,8i5d
2pxy,3mbe
2pxy,3qiw
2pxy,6dfs
2pxy,6mkd
2pxy,6r0e
2pxy,6v13
2pxy,6xco
2pxy,7sg1
2pxy,7z50
2pxy,8vcy
2pye,1jtr
2pye,2e7l
2pye,5c0a
2pye,5hhm
2pye,6rsy
2pye,6tro
2pye,6uk4
2pye,6vrm
2pye,8yiv
2pye,9d95
2uwe,2vlr
2uwe,3hg1
2uwe,4g8g
2uwe,4jff
2uwe,5til
2uwe,6dkp
2uwe,7n5c
2uwe,8rro
2uwe,9nds
2uwe,9nmx
2vlj,1mi5
2vlj,2f53
2vlj,2vlr
2vlj,3utt
2vlj,4g9f
2vlj,4l3e
2vlj,5isz
2vlj,6g9q
2vlj,6vm8
2vlj,8gon
2vlk,2ckb
2vlk,3e3q
2vlk,3kxf
2vlk,7n2q
2vlk,7n5p
2vlk,8qfy
2vlk,9gv7
2vlk,9hlj
2vlk,9nmu
2vlk,9pbh
2vlr,1ao7
2vlr,1oga
2vlr,5c0c
2vlr,5m00
2vlr,6bj8
2vlr,7ndq
2vlr,7q9b
2vlr,7rtr
2vlr,8shi
2vlr,9rxm
2wbj,2pxy
2wbj,4gg6
2wbj,4p2o
2wbj,4p2q
2wbj,4y19
2wbj,4z7w
2wbj,6dfw
2wbj,6u3n
2wbj,6u3o
2wbj,6xco
2ypl,2e7l
2ypl,2p5e
2ypl,2uwe
2ypl,3uts
2ypl,4mji
2ypl,5men
2ypl,6bj2
2ypl,6vmc
2ypl,7n6e
2ypl,8shi
2z31,3c5z
2z31,3qiw
2z31,3rdt
2z31,5ksb
2z31,6dfx
2z31,6r0e
2z31,7sg2
2z31,8vcx
2z31,8vd2
2z31,9aud
3c5z,1ymm
3c5z,2iam
3c5z,3c6l
3c5z,3rdt
3c5z,6cqq
3c5z,6dfw
3c5z,6mnn
3c5z,6mno
3c5z,6px6
3c5z,7t2b
3c60,1j8h
3c60,1ymm
3c60,3mbe
3c60,3qib
3c60,4z7v
3c60,6v1a
3c60,7sg1
3c60,7t2c
3c60,7t2d
3c60,8vd2
3c6l,2ian
3c6l,3o6f
3c6l,4grl
3c6l,5ksa
3c6l,6cqq
3c6l,6mno
3c6l,6r0e
3c6l,7t2b
3c6l,8trl
3c6l,8vd2
3d39,2esv
3d39,3tfk
3d39,3tjh
3d39,3uts
3d39,4qrr
3d39,6dkp
3d39,6eqa
3d39,6vmx
3d39,7ndq
3d39,9nmu
3d3v,2f53
3d3v,2gj6
3d3v,3e2h
3d3v,4zez
3d3v,7dzn
3d3v,7n2q
3d3v,7ndu
3d3v,8f5a
3d3v,8i5c
3d3v,8v50
3dxa,1qsf
3dxa,3mv7
3dxa,5eu6
3dxa,5jhd
3dxa,5tez
3dxa,7r80
3dxa,9gv7
3dxa,9iky
3dxa,9nmv
3dxa,9nmx
3e2h,2vlj
3e2h,3hg1
3e2h,3nfj
3e2h,3pwp
3e2h,3qfj
3e2h,4ftv
3e2h,6p64
3e2h,7q9a
3e2h,7rk7
3e2h,7rtr
3e3q,2bnq
3e3q,3ffc
3e3q,4jff
3e3q,5swz
3e3q,6ulr
3e3q,7q9a
3e3q,7q9b
3e3q,8d5q
3e3q,8gom
3e3q,8yj2
3ffc,1kj2
3ffc,2bnq
3ffc,3d39
3ffc,3tfk
3ffc,4prh
3ffc,5jzi
3ffc,6zkw
3ffc,6zky
3ffc,7byd
3ffc,7jwi
3gjf,1bd2
3gjf,1g6r
3gjf,3d39
3gjf,3tfk
3gjf,4eup
3gjf,5c0a
3gjf,5c0c
3gjf,6d78
3gjf,7n1f
3gjf,7n2n
3gsn,1qse
3gsn,3qeq
3gsn,3utt
3gsn,4eup
3gsn,4qrp
3gsn,5m00
3gsn,5tje
3gsn,6zkw
3gsn,8gvi
3gsn,8ryp
3h9s,2ak4
3h9s,3ffc
3h9s,4qok
3h9s,5d2l
3h9s,6d78
3h9s,6eqa
3h9s,6uon
3h9s,6vmc
3h9s,7n1e
3h9s,8ryn
3hae,3o4l
3hae,3tjh
3hae,4ftv
3hae,4jff
3hae,5hho
3hae,6p64
3hae,6rpa
3hae,7n2r
3hae,9iky
3hae,9ru5
3hg1,1oga
3hg1,2j8u
3hg1,3vxm
3hg1,4qok
3hg1,5m02
3hg1,5nme
3hg1,6d78
3hg1,7n2q
3hg1,7nme
3hg1,7qpj
3kpr,3d3v
3kpr,3e2h
3kpr,3vxm
3kpr,4eup
3kpr,6eqb
3kpr,6g9q
3kpr,7dzm
3kpr,7q9b
3kpr,7r80
3kpr,7rk7
3kps,1jtr
3kps,2p5w
3kps,3h9s
3kps,5nqk
3kps,7n2p
3kps,7n2s
3kps,7pdw
3kps,7q9b
3kps,8f5a
3kps,9pbg
3kxf,3kps
3kxf,3qdj
3kxf,4qok
3kxf,5c0b
3kxf,5yxu
3kxf,6dkp
3kxf,6tro
3kxf,7n2q
3kxf,8es8
3kxf,8rym
3mbe,3o6f
3mbe,3rdt
3mbe,4gg6
3mbe,6dfs
3mbe,6dfx
3mbe,6mnm
3mbe,6xc9
3mbe,7sg2
3mbe,8vd0
3mbe,8vd2
3mv7,3hg1
3mv7,4eup
3mv7,4n5e
3mv7,5nmg
3mv7,6vrm
3mv7,7dzm
3mv7,8dnt
3mv7,8gvi
3mv7,8rj5
3mv7,9nmw
3mv8,1ao7
3mv8,1g6r
3mv8,3qfj
3mv8,5c0b
3mv8,5euo
3mv8,6dkp
3mv8,6eqb
3mv8,8gon
3mv8,8rj5
3mv8,8v4z
3mv9,1qrn
3mv9,3kxf
3mv9,4jff
3mv9,5jzi
3mv9,6amu
3mv9,6l9l
3mv9,7pbc
3mv9,7rm4
3mv9,8rym
3mv9,8yj2
3nfj,1ao7
3nfj,2f53
3nfj,3pqy
3nfj,3tf7
3nfj,5til
3nfj,5xot
3nfj,7nmf
3nfj,7nmg
3nfj,8f5a
3nfj,9nmy
3o4l,2e7l
3o4l,3d39
3o4l,3h9s
3o4l,5c07
3o4l,5swz
3o4l,5w1w
3o4l,6avg
3o4l,6p64
3o4l,7dzm
3o4l,9rup
3o6f,2pxy
3o6f,3pl6
3o6f,3t0e
3o6f,4p23
3o6f,4p4k
3o6f,4p5t
3o6f,5ks9
3o6f,6dfx
3o6f,6v13
3o6f,6v15
3pl6,3c6l
3pl6,3qiu
3pl6,4may
3pl6,6dfw
3pl6,6v13
3pl6,6v18
3pl6,6v19
3pl6,6xcp
3pl6,7t2d
3pl6,7z50
3pqy,3tf7
3pqy,3tjh
3pqy,3vxu
3pqy,4jrx
3pqy,6am5
3pqy,6d78
3pqy,7n2q
3pqy,7n5p
3pqy,7pb2
3pqy,8es9
3pwp,3w0w
3pwp,5euo
3pwp,6g9q
3pwp,7dzm
3pwp,7ow6
3pwp,7q9a
3pwp,8rlv
3pwp,8ryn
3pwp,8ryp
3pwp,8wte
3qdg,2oi9
3qdg,2pye
3qdg,4euq
3qdg,5eu6
3qdg,6g9q
3qdg,6rsy
3qdg,8f5a
3qdg,8ye4
3qdg,8yiv
3qdg,9gv6
3qdj,1g6r
3qdj,1kj2
3qdj,1qsf
3qdj,2vlr
3qdj,3ffc
3qdj,7dzm
3qdj,7ndu
3qdj,7nmf
3qdj,8rym
3qdj,9nmy
3qdm,1bd2
3qdm,2f54
3qdm,3rgv
3qdm,4eup
3qdm,4zez
3qdm,5ivx
3qdm,5xot
3qdm,6bj3
3qdm,6d78
3qdm,7jwj
3qeq,3pqy
3qeq,4g8g
3qeq,4mvb
3qeq,6vm8
3qeq,7n6e
3qeq,7r80
3qeq,8en8
3qeq,8gon
3qeq,8qfy
3qeq,9nmx
3qfj,3utt
3qfj,4qrp
3qfj,5d2l
3qfj,5hhm
3qfj,6rpb
3qfj,6zky
3qfj,7ndt
3qfj,7rtr
3qfj,8f5a
3qfj,8wul
3qib,1ymm
3qib,2iam
3qib,4h1l
3qib,4may
3qib,4ozh
3qib,6cqq
3qib,6mng
3qib,7sg0
3qib,7z50
3qib,8vq8
3qiu,2ian
3qiu,2z31
3qiu,4e41
3qiu,4gg6
3qiu,4ozh
3qiu,4y19
3qiu,6bga
3qiu,7t2b
3qiu,7z50
3qiu,8vcx
3qiw,2iam
3qiw,3c5z
3qiw,4p4k
3qiw,5ksb
3qiw,6dfw
3qiw,6mnn
3qiw,6v0y
3qiw,7t2b
3qiw,7t2d
3qiw,8vq8
3rdt,4p2o
3rdt,6mkr
3rdt,6mnn
3rdt,6r0e
3rdt,6v13
3rdt,6v1a
3rdt,7rdv
3rdt,8trl
3rdt,8trr
3rdt,8vd2
3rgv,1bd2
3rgv,2f54
3rgv,2gj6
3rgv,2oi9
3rgv,4mji
3rgv,5eu6
3rgv,5wkh
3rgv,6vmx
3rgv,6zkz
3rgv,8ryo
3sjv,1g6r
3sjv,2vlj
3sjv,3w0w
3sjv,5brz
3sjv,5hho
3sjv,6bj8
3sjv,6vqo
3sjv,7nmg
3sjv,8cx4
3sjv,8gvi
3t0e,1u3h
3t0e,2z31
3t0e,3c6l
3t0e,4p2o
3t0e,4z7u
3t0e,4z7v
3t0e,6mnn
3t0e,6v13
3t0e,6v18
3t0e,7sg2
3tf7,2gj6
3tf7,3ffc
3tf7,4qrr
3tf7,4zez
3tf7,5c0a
3tf7,5d2n
3tf7,5sws
3tf7,6zkx
3tf7,7n2o
3tf7,9nmx
3tfk,2gj6
3tfk,5men
3tfk,5tez
3tfk,6l9l
3tfk,6p64
3tfk,6rp9
3tfk,6zkw
3tfk,7n6e
3tfk,8shi
3tfk,9nds
3tjh,1jtr
3tjh,2jcc
3tjh,3d3v
3tjh,3rgv
3tjh,7q99
3tjh,8eo8
3tjh,8es8
3tjh,8qfy
3tjh,8ye4
3tjh,8yiv
3tpu,3e2h
3tpu,3ffc
3tpu,3h9s
3tpu,3mv9
3tpu,4jfe
3tpu,5e9d
3tpu,5nht
3tpu,7q99
3tpu,7rtr
3tpu,8es8
3uts,2f53
3uts,3tpu
3uts,4pri
3uts,5hhm
3uts,5nqk
3uts,6am5
3uts,6tmo
3uts,7byd
3uts,7nme
3uts,8wte
3utt,3pwp
3utt,5c0a
3utt,5w1v
3utt,6bj2
3utt,6eqa
3utt,8en8
3utt,8es9
3utt,8rj5
3utt,9k2r
3utt,9rxm
3vxm,1mwa
3vxm,3mv9
3vxm,3rgv
3vxm,4n0c
3vxm,5euo
3vxm,5jzi
3vxm,5nqk
3vxm,5xov
3vxm,6avg
3vxm,7q9a
3vxr,1g6r
3vxr,2nx5
3vxr,3rgv
3vxr,3tf7
3vxr,5xov
3vxr,7jwi
3vxr,7n6e
3vxr,8cx4
3vxr,9k2r
3vxr,9rxm
3vxs,2vlk
3vxs,5hho
3vxs,5jhd
3vxs,5m00
3vxs,5men
3vxs,6avf
3vxs,6q3s
3vxs,6uon
3vxs,7n2r
3vxs,9nmu
3vxu,1mi5
3vxu,1qse
3vxu,3uts
3vxu,3vxs
3vxu,4mxq
3vxu,6bj2
3vxu,6uon
3vxu,7n2n
3vxu,8ryq
3vxu,9hlj
3w0w,3e2h
3w0w,3vxr
3w0w,4jff
3w0w,4nhu
3w0w,5c0c
3w0w,5e9d
3w0w,5m01
3w0w,7nmf
3w0w,8yj2
3w0w,9j4u
4c56,3c6l
4c56,3pl6
4c56,4ozh
4c56,5ksb
4c56,6cqq
4c56,6u3n
4c56,7sg0
4c56,7sg2
4c56,7t2b
4c56,7t2d
4e41,1fyt
4e41,1u3h
4e41,4ozg
4e41,4y1a
4e41,5ksb
4e41,6mnn
4e41,6r0e
4e41,6v15
4e41,6xc9
4e41,7sg1
4eup,3e3q
4eup,3vxs
4eup,4mji
4eup,4zez
4eup,5tje
4eup,6rpa
4eup,6rsy
4eup,7ow6
4eup,8shi
4eup,8yiv
4euq,2esv
4euq,2pye
4euq,5d2l
4euq,5isz
4euq,5nqk
4euq,6d78
4euq,6rpb
4euq,6vrn
4euq,7n6e
4euq,8es8
4ftv,1mwa
4ftv,1qrn
4ftv,2p5w
4ftv,4jfd
4ftv,4mji
4ftv,5w1v
4ftv,6p64
4ftv,6zkw
4ftv,7byd
4ftv,7dzn
4g8g,1lp9
4g8g,1qse
4g8g,2j8u
4g8g,2uwe
4g8g,2vlr
4g8g,5isz
4g8g,5nht
4g8g,6uon
4g8g,6zkw
4g8g,8wul
4g9f,3vxr
4g9f,3w0w
4g9f,4nhu
4g9f,5eu6
4g9f,6rp9
4g9f,6vm7
4g9f,7jwi
4g9f,7rk7
4g9f,8en8
4g9f,8gon
4gg6,1fyt
4gg6,1zgl
4gg6,4p2q
4gg6,6cqn
4gg6,6dfw
4gg6,6mno
4gg6,6v18
4gg6,6xco
4gg6,8vcy
4gg6,8vq8
4grl,1d9k
4grl,3o6f
4grl,3qib
4grl,3t0e
4grl,6cqq
4grl,6dfw
4grl,6u3o
4grl,6v0y
4grl,7t2c
4grl,8trq
4h1l,1j8h
4h1l,2z31
4h1l,3qiu
4h1l,3t0e
4h1l,4c56
4h1l,4ozi
4h1l,4p23
4h1l,4z7w
4h1l,8vcy
4h1l,8vd2
4jfd,2f53
4jfd,3e3q
4jfd,3pqy
4jfd,4g8g
4jfd,4mvb
4jfd,5swz
4jfd,6vrm
4jfd,7n2s
4jfd,7rtr
4jfd,8i5d
4jfe,1qsf
4jfe,2e7l
4jfe,3kpr
4jfe,4g9f
4jfe,5m01
4jfe,6d78
4jfe,7jwi
4jfe,8i5d
4jfe,8yj2
4jfe,9iky
4jff,1mi5
4jff,4mji
4jff,5xot
4jff,6rp9
4jff,6vmx
4jff,7dzn
4jff,7nme
4jff,7pbc
4jff,8ye4
4jff,9pbh
4jrx,2ckb
4jrx,2esv
4jrx,3sjv
4jrx,5w1w
4jrx,6bj3
4jrx,7nmf
4jrx,7pb2
4jrx,8i5c
4jrx,8rro
4jrx,9ru5
4jry,1oga
4jry,2ckb
4jry,2oi9
4jry,5d2l
4jry,5tez
4jry,5xov
4jry,6bj8
4jry,6zkx
4jry,8yiv
4jry,9pbg
4l3e,3qfj
4l3e,5d2l
4l3e,5nme
4l3e,5sws
4l3e,6vm7
4l3e,6vrm
4l3e,7byd
4l3e,7na5
4l3e,9nds
4l3e,9ru5
4may,1fyt
4may,2iam
4may,3qiw
4may,3rdt
4may,4p5t
4may,4z7w
4may,5ksa
4may,6bga
4may,6xco
4may,7rdv
4mji,1ao7
4mji,2gj6
4mji,3w0w
4mji,4mxq
4mji,6dkp
4mji,6uk4
4mji,7pb2
4mji,8d5q
4mji,8es9
4mji,8yiv
4mnq,1jtr
4mnq,2ypl
4mnq,3tjh
4mnq,4n5e
4mnq,4qrr
4mnq,5til
4mnq,6am5
4mnq,6vrm
4mnq,7rm4
4mnq,8ryq
4ms8,2vlj
4ms8,3qdj
4ms8,4jff
4ms8,4mvb
4ms8,5wkh
4ms8,6rp9
4ms8,7n6e
4ms8,8en8
4ms8,9hlj
4ms8,9pbh
4mvb,1lp9
4mvb,4zez
4mvb,5tje
4mvb,6amu
4mvb,6avg
4mvb,6rsy
4mvb,6vrn
4mvb,8cx4
4mvb,9nmy
4mvb,9wbd
4mxq,1g6r
4mxq,2e7l
4mxq,3w0w
4mxq,4jfe
4mxq,7jwj
4mxq,7n6e
4mxq,7phr
4mxq,8dnt
4mxq,8rlt
4mxq,9j4u
4n0c,1mwa
4n0c,1nam
4n0c,4jrx
4n0c,5bs0
4n0c,5ivx
4n0c,5nqk
4n0c,7dzm
4n0c,7n1e
4n0c,8yj2
4n0c,9pbg
4n5e,3e2h
4n5e,3nfj
4n5e,4qok
4n5e,5m02
4n5e,5nht
4n5e,5yxn
4n5e,7r80
4n5e,8gon
4n5e,8gvb
4n5e,9j4t
4nhu,2vlk
4nhu,4mji
4nhu,4qrr
4nhu,5swz
4nhu,5xov
4nhu,7dzn
4nhu,7nmf
4nhu,7rtr
4nhu,8enh
4nhu,8es8
4ozf,1fyt
4ozf,1u3h
4ozf,3c5z
4ozf,4grl
4ozf,4p2o
4ozf,4y1a
4ozf,4z7v
4ozf,6cqr
4ozf,6u3n
4ozf,7t2b
4ozg,1ymm
4ozg,5ksb
4ozg,6cqq
4ozg,6mkr
4ozg,6mno
4ozg,7rdv
4ozg,7t2d
4ozg,7z50
4ozg,8vcx
4ozg,8vd2
4ozh,1u3h
4ozh,3pl6
4ozh,3qib
4ozh,4p46
4ozh,4z7v
4ozh,6cqr
4ozh,6px6
4ozh,6v13
4ozh,6xco
4ozh,8vq8
4ozi,1d9k
4ozi,1zgl
4ozi,2pxy
4ozi,2z31
4ozi,3mbe
4ozi,4gg6
4ozi,5ksa
4ozi,6bga
4ozi,6xco
4ozi,9aud
4p23,1u3h
4p23,1zgl
4p23,3pl6
4p23,4p46
4p23,4z7u
4p23,6cqr
4p23,6px6
4p23,6v19
4p23,7z50
4p23,8trr
4p2o,2ian
4p2o,3pl6
4p2o,3qiu
4p2o,3rdt
4p2o,4y1a
4p2o,6dfs
4p2o,6dfw
4p2o,6v0y
4p2o,7sg1
4p2o,8trr
4p2q,1zgl
4p2q,3qib
4p2q,6py2
4p2q,6v13
4p2q,6xc9
4p2q,8pjg
4p2q,8vd0
4p2q,8vq8
4p2q,9aud
4p2q,9nig
4p2r,2z31
4p2r,4c56
4p2r,4e41
4p2r,4p2o
4p2r,5ksa
4p2r,6cqq
4p2r,6xc9
4p2r,7rdv
4p2r,7t2d
4p2r,8vd2
4p46,3qiw
4p46,4grl
4p46,4p23
4p46,4p2o
4p46,4z7v
4p46,6mnm
4p46,6mnn
4p46,6v13
4p46,8vd2
4p46,8vq8
4p4k,1ymm
4p4k,2wbj
4p4k,3qiw
4p4k,4c56
4p4k,4z7u
4p4k,6v0y
4p4k,6v1a
4p4k,7rdv
4p4k,7t2d
4p4k,8pjg
4p5t,3rdt
4p5t,4gg6
4p5t,4ozh
4p5t,4z7w
4p5t,6mnn
4p5t,6v13
4p5t,7t2b
4p5t,8pjg
4p5t,8trl
4p5t,8vq8
4prh,1bd2
4prh,2p5w
4prh,3e3q
4prh,3gsn
4prh,3pqy
4prh,3vxr
4prh,6vrn
4prh,7rtr
4prh,8ryo
4prh,9nmu
4pri,1qrn
4pri,3rgv
4pri,3vxr
4pri,6rsy
4pri,6vmc
4pri,7byd
4pri,7n1e
4pri,7n4k
4pri,8gvg
4pri,9k2i
4prp,1nam
4prp,2gj6
4prp,2uwe
4prp,3tjh
4prp,4pri
4prp,5brz
4prp,6rp9
4prp,6vmx
4prp,7ndt
4prp,7q99
4qok,2oi9
4qok,2ol3
4qok,3e2h
4qok,4ms8
4qok,5tez
4qok,6r2l
4qok,7dzm
4qok,7jwi
4qok,7pdw
4qok,8es8
4qrp,2bnq
4qrp,2vlj
4qrp,3mv8
4qrp,4prh
4qrp,4zez
4qrp,5wkf
4qrp,7jwi
4qrp,7ndq
4qrp,7q99
4qrp,8gvi
4qrr,1lp9
4qrr,1oga
4qrr,1qsf
4qrr,3tfk
4qrr,4n5e
4qrr,6uk4
4qrr,6zkz
4qrr,7pb2
4qrr,8i5c
4qrr,8yiv
4wuu,2ak4
4wuu,2oi9
4wuu,3ffc
4wuu,3mv8
4wuu,5w1v
4wuu,6vm8
4wuu,7ow5
4wuu,8ryn
4wuu,9k2r
4wuu,9rup
4y19,1d9k
4y19,1ymm
4y19,3c60
4y19,3qiw
4y19,4p46
4y19,5ksb
4y19,6cqn
4y19,6px6
4y19,6v13
4y19,7t2d
4y1a,3qiu
4y1a,3rdt
4y1a,4c56
4y1a,4ozi
4y1a,5ks9
4y1a,6v1a
4y1a,7t2c
4y1a,7z50
4y1a,8vcy
4y1a,8vd2
4z7u,1u3h
4z7u,1zgl
4z7u,4ozf
4z7u,4ozh
4z7u,4z7w
4z7u,6cqr
4z7u,6py2
4z7u,7t2d
4z7u,7z50
4z7u,8vcx
4z7v,3rdt
4z7v,3t0e
4z7v,4ozf
4z7v,4ozh
4z7v,4p46
4z7v,4z7w
4z7v,5ksb
4z7v,6bga
4z7v,6dfx
4z7v,6mno
4z7w,1d9k
4z7w,1fyt
4z7w,3qib
4z7w,3rdt
4z7w,4c56
4z7w,6cqq
4z7w,6xco
4z7w,7rdv
4z7w,8vcy
4z7w,9aud
4zez,1bd2
4zez,1nam
4zez,1qse
4zez,2esv
4zez,2jcc
4zez,3qdm
4zez,4ftv
4zez,4g8g
4zez,6uk4
4zez,9j4u
5brz,1qsf
5brz,3vxs
5brz,4jfd
5brz,5nmg
5brz,6vma
5brz,7n1f
5brz,7n5c
5brz,7qpj
5brz,8enh
5brz,9j4u
5bs0,3d3v
5bs0,3mv8
5bs0,3uts
5bs0,5eu6
5bs0,6zkz
5bs0,7ow5
5bs0,7pbe
5bs0,8d5q
5bs0,8enh
5bs0,9rup
5c07,2ypl
5c07,5isz
5c07,5men
5c07,5nmf
5c07,5swz
5c07,7n5p
5c07,7nmf
5c07,7nmg
5c07,8rym
5c07,8shi
5c08,1qrn
5c08,2f53
5c08,3pwp
5c08,5m02
5c08,5yxu
5c08,6tro
5c08,7n2q
5c08,7ndu
5c08,8ryn
5c08,9nmy
5c09,1qsf
5c09,2jcc
5c09,3pqy
5c09,4eup
5c09,7ndu
5c09,7nme
5c09,7r80
5c09,8dnt
5c09,8qfy
5c09,9rup
5c0a,3qdm
5c0a,4jrx
5c0a,4jry
5c0a,4ms8
5c0a,6avg
5c0a,6vrm
5c0a,7phr
5c0a,8rj5
5c0a,8ryn
5c0a,9gv7
5c0b,2ol3
5c0b,4eup
5c0b,4n5e
5c0b,5bs0
5c0b,5til
5c0b,6zkw
5c0b,7jwi
5c0b,7n2o
5c0b,8ryn
5c0b,9nmu
5c0c,2ckb
5c0c,2f54
5c0c,5wlg
5c0c,6d78
5c0c,6eqa
5c0c,6ulr
5c0c,7n2s
5c0c,7n5c
5c0c,7phr
5c0c,8d5q
5d2l,2bnq
5d2l,3qdj
5d2l,3utt
5d2l,3vxm
5d2l,4mji
5d2l,5c0c
5d2l,6zkx
5d2l,7dzn
5d2l,7nmg
5d2l,8d5q
5d2n,3dxa
5d2n,3e2h
5d2n,3vxs
5d2n,4jfd
5d2n,4mji
5d2n,4ms8
5d2n,5c0c
5d2n,5ivx
5d2n,7rm4
5d2n,8rlt
5e6i,2bnq
5e6i,3rgv
5e6i,3vxr
5e6i,5w1w
5e6i,6bj3
5e6i,6vmc
5e6i,7dzn
5e6i,7pdw
5e6i,8ye4
5e6i,9nmx
5e9d,4euq
5e9d,4jrx
5e9d,5m01
5e9d,6p64
5e9d,6vm8
5e9d,6vrn
5e9d,7n2s
5e9d,7n4k
5e9d,9gv6
5e9d,9ru5
5eu6,3mv9
5eu6,4ftv
5eu6,4jfd
5eu6,6p64
5eu6,6zkx
5eu6,7ndt
5eu6,7pbe
5eu6,7pdw
5eu6,8rym
5eu6,9j4u
5euo,1fo0
5euo,3h9s
5euo,3pwp
5euo,3qdj
5euo,4ms8
5euo,5c0a
5euo,5wkh
5euo,7n2s
5euo,9k2i
5euo,9nds
5hhm,1kj2
5hhm,2e7l
5hhm,3qdg
5hhm,3qfj
5hhm,5swz
5hhm,6rsy
5hhm,7n1e
5hhm,7n2o
5hhm,8gvg
5hhm,8shi
5hho,1qsf
5hho,3e2h
5hho,4jrx
5hho,4mnq
5hho,4ms8
5hho,5jhd
5hho,7pdw
5hho,8v51
5hho,9j4t
5hho,9nds
5hyj,1oga
5hyj,2ol3
5hyj,3vxm
5hyj,4mvb
5hyj,5c0c
5hyj,5wkf
5hyj,7ndq
5hyj,7pbc
5hyj,8eo8
5hyj,8es8
5isz,2f53
5isz,3hg1
5isz,3o4l
5isz,5m00
5isz,6vmc
5isz,7n2s
5isz,7pbc
5isz,8i5c
5isz,8ryq
5isz,9iky
5ivx,4jrx
5ivx,4prh
5ivx,5jhd
5ivx,5wkf
5ivx,5wlg
5ivx,7n1f
5ivx,7nme
5ivx,8ryn
5ivx,8wul
5ivx,9iky
5jhd,2ypl
5jhd,3kxf
5jhd,4eup
5jhd,5wkf
5jhd,6l9l
5jhd,7nme
5jhd,7pdw
5jhd,8i5c
5jhd,8ryp
5jhd,8shi
5jzi,1g6r
5jzi,2p5w
5jzi,3mv7
5jzi,3qdj
5jzi,3vxs
5jzi,3w0w
5jzi,5c07
5jzi,5ivx
5jzi,6eqa
5jzi,7jwj
5ks9,1ymm
5ks9,3c6l
5ks9,6dfs
5ks9,6px6
5ks9,6r0e
5ks9,6xc9
5ks9,7sg2
5ks9,8vd0
5ks9,8vd2
5ks9,9aud
5ksa,1d9k
5ksa,3c60
5ksa,4ozg
5ksa,4ozh
5ksa,4y19
5ksa,4z7w
5ksa,5ks9
5ksa,6u3n
5ksa,6xc9
5ksa,8vcy
5ksb,1fyt
5ksb,2wbj
5ksb,3c5z
5ksb,4ozf
5ksb,4p2r
5ksb,4y19
5ksb,4z7w
5ksb,5ksa
5ksb,6u3n
5ksb,6v0y
5m00,4euq
5m00,5c08
5m00,5hyj
5m00,5jhd
5m00,6bj3
5m00,7jwi
5m00,7n2o
5m00,7n5p
5m00,7rk7
5m00,8shi
5m01,3sjv
5m01,3uts
5m01,5ivx
5m01,6avf
5m01,7dzm
5m01,7n2r
5m01,7n6e
5m01,7ow6
5m01,8rym
5m01,9gv6
5m02,3pqy
5m02,3sjv
5m02,6am5
5m02,6avf
5m02,6d78
5m02,7jwi
5m02,7ow6
5m02,8dnt
5m02,8gom
5m02,8ryq
5men,3qdj
5men,4jfd
5men,4qok
5men,5ivx
5men,5nme
5men,6vqo
5men,6zkw
5men,7n6e
5men,7ndt
5men,9d95
5nht,5euo
5nht,5jzi
5nht,6rp9
5nht,6rpb
5nht,7ow5
5nht,8rj5
5nht,8rlt
5nht,8v51
5nht,9gv7
5nht,9k2i
5nme,1ao7
5nme,2f53
5nme,2jcc
5nme,3kxf
5nme,5isz
5nme,6rsy
5nme,7nme
5nme,8d5q
5nme,8rym
5nme,9nmu
5nmf,2ak4
5nmf,3kxf
5nmf,3qdm
5nmf,4nhu
5nmf,4prh
5nmf,5c08
5nmf,5w1w
5nmf,6uon
5nmf,7n1f
5nmf,7pbe
5nmg,1fo0
5nmg,1jtr
5nmg,2gj6
5nmg,3ffc
5nmg,3qfj
5nmg,3uts
5nmg,5c08
5nmg,5jzi
5nmg,7n5p
5nmg,9rup
5nqk,1ao7
5nqk,2vlr
5nqk,4n5e
5nqk,5c07
5nqk,5isz
5nqk,5jzi
5nqk,7q9a
5nqk,8rlu
5nqk,9nmv
5nqk,9rxm
5sws,1ao7
5sws,2ak4
5sws,2f54
5sws,5d2l
5sws,5wlg
5sws,6zkx
5sws,7n5p
5sws,7q9a
5sws,8enh
5sws,8ryo
5swz,1qse
5swz,3kxf
5swz,3o4l
5swz,3vxm
5swz,5nqk
5swz,5xov
5swz,6vmx
5swz,7n2o
5swz,8gvi
5swz,9nds
5tez,3sjv
5tez,3vxr
5tez,3w0w
5tez,5c09
5tez,5c0c
5tez,6tmo
5tez,7n5c
5tez,7r80
5tez,9gv6
5tez,9j4t
5til,3pwp
5til,3tfk
5til,3tpu
5til,4nhu
5til,6vqo
5til,8gon
5til,8gvi
5til,8rro
5til,8ryo
5til,9j4t
5tje,3e3q
5tje,5jzi
5tje,5nmg
5tje,5swz
5tje,6vmc
5tje,6zkz
5tje,7n4k
5tje,7q9b
5tje,8gvi
5tje,9hlj
5w1v,1g6r
5w1v,1qse
5w1v,5hho
5w1v,5men
5w1v,5sws
5w1v,7pbc
5w1v,7phr
5w1v,8cx4
5w1v,8gom
5w1v,8shi
5w1w,3w0w
5w1w,4g8g
5w1w,5isz
5w1w,6avg
5w1w,7jwj
5w1w,8es8
5w1w,8ryo
5w1w,8ryp
5w1w,8v50
5w1w,9nmw
5wkf,2e7l
5wkf,2pye
5wkf,3hg1
5wkf,3tf7
5wkf,4jfe
5wkf,4qrp
5wkf,6g9q
5wkf,6vmc
5wkf,6vrn
5wkf,9nmu
5wkh,2jcc
5wkh,4jry
5wkh,4mnq
5wkh,4qrp
5wkh,4zez
5wkh,7ndt
5wkh,7ndu
5wkh,7phr
5wkh,8rlv
5wkh,8yj2
5wlg,4g9f
5wlg,4pri
5wlg,4qrp
5wlg,5e6i
5wlg,6uon
5wlg,6vqo
5wlg,8en8
5wlg,8ye4
5wlg,9nmu
5wlg,9nmv
5xot,1ao7
5xot,2bnr
5xot,2gj6
5xot,2uwe
5xot,3vxm
5xot,5bs0
5xot,5nht
5xot,6rsy
5xot,8es8
5xot,8v51
5xov,3qdg
5xov,4zez
5xov,5hho
5xov,5nht
5xov,6bj2
5xov,6vqo
5xov,7rm4
5xov,8es9
5xov,8ye4
5xov,9nds
5yxn,2vlr
5yxn,4ftv
5yxn,4l3e
5yxn,5euo
5yxn,6rsy
5yxn,7dzn
5yxn,7n2q
5yxn,7ndu
5yxn,8eo8
5yxn,8rlv
5yxu,1oga
5yxu,2j8u
5yxu,3qeq
5yxu,4jfe
5yxu,5c0c
5yxu,5d2l
5yxu,7n2o
5yxu,7nme
5yxu,7pbc
5yxu,8rlt
6am5,1fo0
6am5,3hg1
6am5,3vxr
6am5,5d2l
6am5,6r2l
6am5,7n5c
6am5,7phr
6am5,7q99
6am5,8wte
6am5,9pbh
6amu,1mi5
6amu,2vlk
6amu,3e3q
6amu,3gsn
6amu,5c0a
6amu,6rp9
6amu,7jwj
6amu,7qpj
6amu,8ye4
6amu,9wbd
6avf,1qrn
6avf,2ak4
6avf,3qdj
6avf,4jfd
6avf,5m02
6avf,5til
6avf,7n2o
6avf,8gom
6avf,8rlu
6avf,9k2i
6avg,2gj6
6avg,3kpr
6avg,5euo
6avg,5isz
6avg,5w1w
6avg,5yxu
6avg,6vqo
6avg,7n5p
6avg,7n6e
6avg,9iky
6bga,2pxy
6bga,3qiw
6bga,4y1a
6bga,6mkr
6bga,6py2
6bga,6r0e
6bga,6v15
6bga,6xco
6bga,7rdv
6bga,7t2d
6bj2,1qse
6bj2,2bnq
6bj2,3qfj
6bj2,3rgv
6bj2,3vxm
6bj2,3w0w
6bj2,6tmo
6bj2,7na5
6bj2,8d5q
6bj2,8en8
6bj3,2bnr
6bj3,3qfj
6bj3,4qrr
6bj3,5nmf
6bj3,5w1w
6bj3,5xot
6bj3,6d78
6bj3,6zkw
6bj3,7n2r
6bj3,7n6e
6bj8,1mi5
6bj8,1qrn
6bj8,2pye
6bj8,3vxs
6bj8,4jry
6bj8,5til
6bj8,6vm8
6bj8,6vqo
6bj8,8yiv
6bj8,9k2r
6cql,2pxy
6cql,3c60
6cql,3c6l
6cql,4p23
6cql,5ks9
6cql,6dfx
6cql,6v13
6cql,6xc9
6cql,6xcp
6cql,7t2b
6cqn,1ymm
6cqn,2wbj
6cqn,3c60
6cqn,3pl6
6cqn,4ozf
6cqn,5ks9
6cqn,6r0e
6cqn,6v13
6cqn,6xc9
6cqn,7sg0
6cqq,4c56
6cqq,4grl
6cqq,4may
6cqq,4ozg
6cqq,6dfs
6cqq,7sg2
6cqq,8trq
6cqq,8vd0
6cqq,8vd2
6cqq,8vq8
6cqr,3rdt
6cqr,4grl
6cqr,4may
6cqr,4p2q
6cqr,4y1a
6cqr,5ks9
6cqr,6mng
6cqr,6mno
6cqr,6v1a
6cqr,9nig
6d78,1ao7
6d78,1mi5
6d78,2ckb
6d78,3gsn
6d78,3h9s
6d78,3tpu
6d78,5yxn
6d78,6q3s
6d78,6uk4
6d78,6uon
6dfs,3mbe
6dfs,3t0e
6dfs,4grl
6dfs,4p2r
6dfs,4p4k
6dfs,5ks9
6dfs,6mnm
6dfs,6v0y
6dfs,6v1a
6dfs,9aud
6dfw,2z31
6dfw,3c5z
6dfw,3o6f
6dfw,4z7u
6dfw,6dfs
6dfw,6dfx
6dfw,6mno
6dfw,6u3o
6dfw,6v18
6dfw,7sg0
6dfx,1j8h
6dfx,1ymm
6dfx,4c56
6dfx,4ozh
6dfx,4p46
6dfx,4p4k
6dfx,6mkr
6dfx,7t2d
6dfx,8vcx
6dfx,8vd2
6dkp,1jtr
6dkp,2jcc
6dkp,3e2h
6dkp,3vxu
6dkp,5nmg
6dkp,5wkh
6dkp,6bj2
6dkp,6rpa
6dkp,6rsy
6dkp,9nds
6eqa,2p5e
6eqa,5hyj
6eqa,5sws
6eqa,5til
6eqa,6am5
6eqa,6rpa
6eqa,7ndq
6eqa,7qpj
6eqa,8wte
6eqa,9ru5
6eqb,2oi9
6eqb,3tf7
6eqb,4ms8
6eqb,5jhd
6eqb,7n2r
6eqb,7n6e
6eqb,7rk7
6eqb,8gon
6eqb,8ryp
6eqb,9nmv
6g9q,1mi5
6g9q,2bnq
6g9q,3ffc
6g9q,3mv9
6g9q,3tpu
6g9q,4pri
6g9q,5m02
6g9q,6q3s
6g9q,7n1e
6g9q,8eo8
6l9l,3tfk
6l9l,5nmf
6l9l,5wkh
6l9l,6amu
6l9l,7pb2
6l9l,7q99
6l9l,8d5q
6l9l,8rym
6l9l,9d95
6l9l,9nmy
6mkd,2ian
6mkd,3qiw
6mkd,3t0e
6mkd,4grl
6mkd,4ozf
6mkd,4ozi
6mkd,5ksa
6mkd,6v15
6mkd,8vd2
6mkd,8vq8
6mkr,1u3h
6mkr,3qiu
6mkr,4e41
6mkr,4ozg
6mkr,4p23
6mkr,4p5t
6mkr,6dfw
6mkr,6v19
6mkr,6v1a
6mkr,9nig
6mng,3pl6
6mng,3rdt
6mng,3t0e
6mng,4ozi
6mng,4p5t
6mng,6v15
6mng,6xc9
6mng,7rdv
6mng,8vcy
6mng,8vq8
6mnm,1j8h
6mnm,2ian
6mnm,3t0e
6mnm,4grl
6mnm,6cql
6mnm,6dfs
6mnm,6mnn
6mnm,6u3o
6mnm,8vq8
6mnm,9nig
6mnn,1fyt
6mnn,2z31
6mnn,3c5z
6mnn,3c6l
6mnn,3pl6
6mnn,4may
6mnn,6cqn
6mnn,6u3n
6mnn,6v15
6mnn,6v18
6mno,1fyt
6mno,4ozi
6mno,4p2o
6mno,4p2r
6mno,5ks9
6mno,6cqq
6mno,6dfs
6mno,6mng
6mno,8trq
6mno,8vcx
6mtm,2j8u
6mtm,2ol3
6mtm,2vlr
6mtm,3e2h
6mtm,4jff
6mtm,5d2l
6mtm,5nht
6mtm,5nmg
6mtm,8gom
6mtm,9j4u
6p64,1lp9
6p64,3vxm
6p64,4ftv
6p64,6bj3
6p64,6eqa
6p64,6zkz
6p64,7jwi
6p64,7n2n
6p64,8gvb
6p64,9j4t
6px6,1j8h
6px6,3qib
6px6,4grl
6px6,4p23
6px6,6cqq
6px6,6py2
6px6,6u3o
6px6,7sg2
6px6,8pjg
6px6,8vd0
6py2,3qib
6py2,4p4k
6py2,4p5t
6py2,4z7v
6py2,4z7w
6py2,5ks9
6py2,6mkr
6py2,6mno
6py2,7z50
6py2,8vd2
6q3s,4qrp
6q3s,5e9d
6q3s,5m00
6q3s,5w1w
6q3s,6eqa
6q3s,7n5c
6q3s,7nmf
6q3s,7ow6
6q3s,8d5q
6q3s,9gv6
6r0e,3qib
6r0e,3t0e
6r0e,4z7w
6r0e,6mno
6r0e,6u3o
6r0e,6v0y
6r0e,6v13
6r0e,6v18
6r0e,7sg1
6r0e,8pjg
6r2l,2oi9
6r2l,2ypl
6r2l,5brz
6r2l,5tez
6r2l,5til
6r2l,6g9q
6r2l,8dnt
6r2l,8i5c
6r2l,8i5d
6r2l,9nmy
6rp9,1ao7
6rp9,1nam
6rp9,3o4l
6rp9,4mxq
6rp9,4prp
6rp9,5c09
6rp9,5e9d
6rp9,5tez
6rp9,5wkh
6rp9,7jwj
6rpa,1jtr
6rpa,1mwa
6rpa,1oga
6rpa,4mnq
6rpa,5m00
6rpa,6q3s
6rpa,7dzm
6rpa,7n1e
6rpa,7nme
6rpa,9d95
6rpb,1mi5
6rpb,1qse
6rpb,3hg1
6rpb,3qfj
6rpb,4mxq
6rpb,5c0c
6rpb,5xot
6rpb,7byd
6rpb,8dnt
6rpb,9ru5
6rsy,4g9f
6rsy,4nhu
6rsy,4prp
6rsy,5bs0
6rsy,5isz
6rsy,6tmo
6rsy,7n6e
6rsy,7pbe
6rsy,8yj2
6rsy,9hlj
6tmo,1bd2
6tmo,2bnr
6tmo,2ol3
6tmo,3h9s
6tmo,3vxr
6tmo,6q3s
6tmo,6vm8
6tmo,7qpj
6tmo,8enh
6tmo,9gv7
6tro,2uwe
6tro,3vxs
6tro,4qrp
6tro,5wlg
6tro,5xov
6tro,6rpa
6tro,6vm8
6tro,6vqo
6tro,8shi
6tro,8v50
6u3n,2wbj
6u3n,3c6l
6u3n,3rdt
6u3n,4p2o
6u3n,6cqr
6u3n,6mnm
6u3n,6v0y
6u3n,6xc9
6u3n,8pjg
6u3n,9aud
6u3o,3mbe
6u3o,3pl6
6u3o,3rdt
6u3o,6dfw
6u3o,6mng
6u3o,7rdv
6u3o,7sg2
6u3o,8trq
6u3o,8trr
6u3o,8vcy
6uk4,3nfj
6uk4,3qdj
6uk4,3qdm
6uk4,4qok
6uk4,5w1v
6uk4,5yxn
6uk4,6d78
6uk4,7dzn
6uk4,7rm4
6uk4,8shi
6ulr,1jtr
6ulr,1mi5
6ulr,2f53
6ulr,3dxa
6ulr,3tf7
6ulr,3vxs
6ulr,7na5
6ulr,7pbe
6ulr,9j4t
6ulr,9rxm
6uon,1qsf
6uon,2jcc
6uon,3h9s
6uon,3vxu
6uon,5d2l
6uon,5hyj
6uon,6rp9
6uon,7ndu
6uon,7q99
6uon,8shi
6v0y,1u3h
6v0y,2iam
6v0y,3pl6
6v0y,4p5t
6v0y,6cqr
6v0y,6dfs
6v0y,6v19
6v0y,6xc9
6v0y,7sg1
6v0y,8vq8
6v13,2ian
6v13,3pl6
6v13,3qiu
6v13,3t0e
6v13,4h1l
6v13,6mng
6v13,6v19
6v13,6xc9
6v13,7sg0
6v13,8pjg
6v15,1fyt
6v15,3c5z
6v15,4may
6v15,4p23
6v15,4p2q
6v15,4p46
6v15,6cqr
6v15,6mno
6v15,6xcp
6v15,8vcy
6v18,1fyt
6v18,2iam
6v18,2pxy
6v18,3qib
6v18,3qiu
6v18,3qiw
6v18,4p46
6v18,6u3n
6v18,6v13
6v18,7z50
6v19,1d9k
6v19,2pxy
6v19,3c5z
6v19,3mbe
6v19,3qiu
6v19,4h1l
6v19,4z7u
6v19,4z7v
6v19,6bga
6v19,7rdv
6v1a,2z31
6v1a,4p23
6v1a,4y1a
6v1a,4z7v
6v1a,6mng
6v1a,6mno
6v1a,6py2
6v1a,6v13
6v1a,6v15
6v1a,8vcy
6vm7,3d3v
6vm7,4eup
6vm7,5euo
6vm7,7n6e
6vm7,7ow5
6vm7,7pb2
6vm7,7rtr
6vm7,8eo8
6vm7,8ryq
6vm7,9nmu
6vm8,2ckb
6vm8,2vlr
6vm8,3d39
6vm8,3qfj
6vm8,4eup
6vm8,4ftv
6vm8,4jfe
6vm8,6rp9
6vm8,7n6e
6vm8,9j4u
6vma,5wkh
6vma,6g9q
6vma,6rsy
6vma,6zkw
6vma,7byd
6vma,7ow6
6vma,8rlu
6vma,8ryp
6vma,9k2i
6vma,9nmx
6vmc,1g6r
6vmc,2esv
6vmc,3e2h
6vmc,5jhd
6vmc,5nmg
6vmc,6vrn
6vmc,7n2n
6vmc,7n6e
6vmc,9gv7
6vmc,9k2i
6vmx,1qse
6vmx,2f53
6vmx,3qdj
6vmx,3qdm
6vmx,5nht
6vmx,7n2o
6vmx,8en8
6vmx,8ryo
6vmx,9iky
6vmx,9nmu
6vqo,1ao7
6vqo,2f53
6vqo,4prh
6vqo,5wkh
6vqo,6vrm
6vqo,7jwi
6vqo,7n2n
6vqo,7qpj
6vqo,8v4z
6vqo,8v50
6vrm,2gj6
6vrm,4jry
6vrm,4mji
6vrm,5m00
6vrm,6bj2
6vrm,6zkw
6vrm,7na5
6vrm,8ryp
6vrm,8ryq
6vrm,9nmy
6vrn,1qsf
6vrn,4eup
6vrn,4mxq
6vrn,5e6i
6vrn,6rpa
6vrn,6ulr
6vrn,8d5q
6vrn,8es9
6vrn,8gvi
6vrn,8v4z
6xc9,4may
6xc9,4ozh
6xc9,4p23
6xc9,4p4k
6xc9,6bga
6xc9,6cql
6xc9,6cqq
6xc9,6dfx
6xc9,6u3o
6xc9,6v15
6xco,3qiu
6xco,4ozh
6xco,4z7u
6xco,4z7w
6xco,6bga
6xco,6mnm
6xco,7sg0
6xco,7sg1
6xco,7t2c
6xco,7z50
6xcp,3mbe
6xcp,3qiu
6xcp,4c56
6xcp,4ozi
6xcp,4p23
6xcp,6mng
6xcp,6v15
6xcp,6v19
6xcp,7sg1
6xcp,8vq8
6zkw,3kpr
6zkw,4prh
6zkw,5c0a
6zkw,5d2l
6zkw,5nmg
6zkw,6d78
6zkw,7jwi
6zkw,7ndt
6zkw,8ryq
6zkw,8yj2
6zkx,1oga
6zkx,2gj6
6zkx,4zez
6zkx,5bs0
6zkx,5c09
6zkx,5xot
6zkx,6rpa
6zkx,7dzm
6zkx,7pbe
6zkx,9k2i
6zky,3ffc
6zky,4l3e
6zky,5nqk
6zky,6bj2
6zky,6rp9
6zky,7na5
6zky,7qpj
6zky,8i5d
6zky,8v51
6zky,9gv6
6zkz,2ol3
6zkz,2pye
6zkz,3qeq
6zkz,4jrx
6zkz,5wkf
6zkz,6q3s
6zkz,6vma
6zkz,7q9a
6zkz,8eo8
6zkz,8shi
7byd,1mwa
7byd,3ffc
7byd,3kpr
7byd,3kps
7byd,3mv8
7byd,5euo
7byd,6vm7
7byd,7n2r
7byd,9iky
7byd,9k2i
7dzm,1oga
7dzm,2f54
7dzm,3kps
7dzm,3mv7
7dzm,3tpu
7dzm,5c07
7dzm,5m00
7dzm,6r2l
7dzm,7ndu
7dzm,9pbh
7dzn,3uts
7dzn,3vxs
7dzn,4jrx
7dzn,4prp
7dzn,5hyj
7dzn,5isz
7dzn,5til
7dzn,5yxu
7dzn,6dkp
7dzn,8yiv
7jwi,1mwa
7jwi,3e3q
7jwi,3vxr
7jwi,4euq
7jwi,4pri
7jwi,5c07
7jwi,5c0a
7jwi,5wlg
7jwi,6l9l
7jwi,7pbe
7jwj,1fo0
7jwj,3ffc
7jwj,3tjh
7jwj,4eup
7jwj,5euo
7jwj,5wlg
7jwj,5yxu
7jwj,6zky
7jwj,8ryq
7jwj,9wbd
7n1e,1bd2
7n1e,2f54
7n1e,3tpu
7n1e,4euq
7n1e,5c0c
7n1e,6rsy
7n1e,7qpj
7n1e,8v50
7n1e,9gv7
7n1e,9wbd
7n1f,3nfj
7n1f,4n0c
7n1f,4qrp
7n1f,5euo
7n1f,5jhd
7n1f,5xov
7n1f,6rpb
7n1f,6zky
7n1f,8es9
7n1f,8i5c
7n2n,2vlk
7n2n,4n0c
7n2n,5eu6
7n2n,5xot
7n2n,6amu
7n2n,6avg
7n2n,6zkz
7n2n,7ndu
7n2n,8wte
7n2n,9wbd
7n2o,3mv7
7n2o,3qeq
7n2o,3vxs
7n2o,4eup
7n2o,5tje
7n2o,7n2s
7n2o,7rk7
7n2o,8qfy
7n2o,9nds
7n2o,9rxm
7n2p,2oi9
7n2p,2ypl
7n2p,4n5e
7n2p,5brz
7n2p,5w1w
7n2p,6ulr
7n2p,6vrn
7n2p,7n2s
7n2p,8es8
7n2p,9k2i
7n2q,2ckb
7n2q,3tjh
7n2q,4g9f
7n2q,5d2l
7n2q,6mtm
7n2q,7n6e
7n2q,7ndt
7n2q,7q9a
7n2q,8f5a
7n2q,9nds
7n2r,3hg1
7n2r,3mv8
7n2r,3tf7
7n2r,5c0a
7n2r,7ndu
7n2r,7ow6
7n2r,8rlu
7n2r,8rlv
7n2r,9iky
7n2r,9rxm
7n2s,2bnr
7n2s,2ypl
7n2s,3mv7
7n2s,4mnq
7n2s,5c09
7n2s,5d2n
7n2s,5jzi
7n2s,5men
7n2s,7n4k
7n2s,7pbe
7n4k,3kps
7n4k,3nfj
7n4k,3uts
7n4k,4zez
7n4k,5brz
7n4k,5c07
7n4k,5eu6
7n4k,8wul
7n4k,9k2i
7n4k,9nmy
7n5c,2ak4
7n5c,2ckb
7n5c,5c0b
7n5c,5w1v
7n5c,6vrn
7n5c,6zky
7n5c,7nmf
7n5c,8d5q
7n5c,8rym
7n5c,9nmv
7n5p,1g6r
7n5p,4eup
7n5p,5c07
7n5p,5d2n
7n5p,5e9d
7n5p,5m01
7n5p,8es8
7n5p,8gvi
7n5p,8rym
7n5p,9nmu
7n6e,3kpr
7n6e,3kps
7n6e,3tfk
7n6e,5yxn
7n6e,6bj3
7n6e,6eqa
7n6e,6uon
7n6e,7n2o
7n6e,7ndu
7n6e,8yj2
7na5,1nam
7na5,3kpr
7na5,3vxr
7na5,4eup
7na5,5ivx
7na5,5m02
7na5,6amu
7na5,7pdw
7na5,8v50
7na5,9nds
7ndq,3dxa
7ndq,3qfj
7ndq,4euq
7ndq,4zez
7ndq,5c08
7ndq,6rsy
7ndq,6tmo
7ndq,7jwi
7ndq,7n2o
7ndq,9j4t
7ndt,2e7l
7ndt,3e2h
7ndt,4eup
7ndt,6bj2
7ndt,6dkp
7ndt,7n2s
7ndt,7nmf
7ndt,7rm4
7ndt,8es8
7ndt,9nmv
7ndu,3qfj
7ndu,4g8g
7ndu,4jfe
7ndu,4qrp
7ndu,5d2n
7ndu,5w1w
7ndu,6zky
7ndu,8cx4
7ndu,8wte
7ndu,9nmy
7nme,2esv
7nme,3h9s
7nme,3vxu
7nme,4jff
7nme,4nhu
7nme,6eqb
7nme,7rk7
7nme,8es9
7nme,8rro
7nme,9rxm
7nmf,2bnq
7nmf,2f54
7nmf,3hg1
7nmf,3mv9
7nmf,3nfj
7nmf,5nme
7nmf,7n1f
7nmf,8rlu
7nmf,8yiv
7nmf,9nmv
7nmg,3tf7
7nmg,4jrx
7nmg,4l3e
7nmg,5m01
7nmg,5nht
7nmg,5tez
7nmg,5tje
7nmg,7n2r
7nmg,8yj2
7nmg,9nmu
7ow5,1lp9
7ow5,2vlr
7ow5,3mv7
7ow5,3pwp
7ow5,4eup
7ow5,4jfe
7ow5,4n5e
7ow5,5hyj
7ow5,5wlg
7ow5,6am5
7ow6,2f54
7ow6,2pye
7ow6,3dxa
7ow6,3w0w
7ow6,5til
7ow6,6vm8
7ow6,6zkw
7ow6,7qpj
7ow6,8gvg
7ow6,8rlv
7pb2,1qrn
7pb2,3kpr
7pb2,4eup
7pb2,5d2n
7pb2,5men
7pb2,5nmf
7pb2,5swz
7pb2,6dkp
7pb2,7ndq
7pb2,7pbe
7pbc,1kj2
7pbc,3uts
7pbc,5e6i
7pbc,5nqk
7pbc,6rsy
7pbc,6vm7
7pbc,7r80
7pbc,8gvg
7pbc,9nmu
7pbc,9nmw
7pbe,3mv7
7pbe,5c08
7pbe,5m01
7pbe,5w1v
7pbe,5wlg
7pbe,6eqa
7pbe,6mtm
7pbe,7na5
7pbe,8f5a
7pbe,9rup
7pdw,1qsf
7pdw,2oi9
7pdw,3h9s
7pdw,4euq
7pdw,6avg
7pdw,7n2n
7pdw,7n6e
7pdw,8gon
7pdw,8gvb
7pdw,9j4u
7phr,1g6r
7phr,3pwp
7phr,4jry
7phr,5brz
7phr,5tez
7phr,5wkf
7phr,7n6e
7phr,7rm4
7phr,8rlv
7phr,9nds
7q99,3utt
7q99,4mxq
7q99,5c07
7q99,5w1w
7q99,5wkh
7q99,7ow6
7q99,8rym
7q99,8v50
7q99,8yj2
7q99,9k2r
7q9a,1mi5
7q9a,2bnq
7q9a,3qdg
7q9a,4zez
7q9a,5c0c
7q9a,5tje
7q9a,6q3s
7q9a,6tro
7q9a,6vmx
7q9a,8enh
7q9b,3tfk
7q9b,3tpu
7q9b,4mxq
7q9b,5nmg
7q9b,6vm7
7q9b,7byd
7q9b,7dzn
7q9b,7pdw
7q9b,8es9
7q9b,8rym
7qpj,1mi5
7qpj,3hg1
7qpj,3mv8
7qpj,3pwp
7qpj,3utt
7qpj,7n1e
7qpj,7pbe
7qpj,7rtr
7qpj,8enh
7qpj,8gvg
7r80,2p5w
7r80,3mv8
7r80,4mvb
7r80,5m01
7r80,6dkp
7r80,7n6e
7r80,7ndu
7r80,7qpj
7r80,8ryq
7r80,9nmx
7rdv,1d9k
7rdv,3o6f
7rdv,3qiu
7rdv,4p2r
7rdv,4p5t
7rdv,4z7w
7rdv,6v13
7rdv,6v1a
7rdv,8trr
7rdv,8vcx
7rk7,1ao7
7rk7,3kxf
7rk7,5c07
7rk7,5nht
7rk7,5tje
7rk7,6vmc
7rk7,6vmx
7rk7,7n2q
7rk7,8gvg
7rk7,8rj5
7rm4,1fo0
7rm4,1mi5
7rm4,3o4l
7rm4,3pwp
7rm4,4mvb
7rm4,5c0c
7rm4,6r2l
7rm4,6uon
7rm4,7nmg
7rm4,8gvb
7rtr,2uwe
7rtr,3kxf
7rtr,3o4l
7rtr,3qdj
7rtr,3qeq
7rtr,4mji
7rtr,5nme
7rtr,6bj2
7rtr,6g9q
7rtr,9gv6
7sg0,1u3h
7sg0,3t0e
7sg0,4p2o
7sg0,6cql
7sg0,6mkr
7sg0,6mnn
7sg0,6v1a
7sg0,6xco
7sg0,8vd0
7sg0,8vq8
7sg1,1j8h
7sg1,2z31
7sg1,3c60
7sg1,3o6f
7sg1,4h1l
7sg1,4p23
7sg1,4y19
7sg1,6cql
7sg1,7t2d
7sg1,9nig
7sg2,4e41
7sg2,4ozg
7sg2,6bga
7sg2,6cqn
7sg2,6dfx
7sg2,6mnn
7sg2,6u3n
7sg2,6v1a
7sg2,7sg0
7sg2,8pjg
7t2b,1fyt
7t2b,4ozg
7t2b,4p46
7t2b,4y1a
7t2b,5ks9
7t2b,6dfw
7t2b,6u3o
7t2b,7rdv
7t2b,7sg1
7t2b,7z50
7t2c,3rdt
7t2c,4e41
7t2c,4ozf
7t2c,4p23
7t2c,4p2q
7t2c,5ks9
7t2c,6mnn
7t2c,6mno
7t2c,7t2d
7t2c,9aud
7t2d,1j8h
7t2d,4p46
7t2d,4z7u
7t2d,6bga
7t2d,6mnn
7t2d,6mno
7t2d,7t2b
7t2d,8pjg
7t2d,8vcx
7t2d,8vd2
7z50,1j8h
7z50,3c6l
7z50,4e41
7z50,4grl
7z50,4ozi
7z50,6cqn
7z50,6mnm
7z50,6v0y
7z50,7sg1
7z50,8vd2
8cx4,1lp9
8cx4,2bnr
8cx4,3vxm
8cx4,5c07
8cx4,6vm7
8cx4,7n2n
8cx4,7phr
8cx4,8es8
8cx4,8rlv
8cx4,8wul
8d5q,2vlr
8d5q,3e3q
8d5q,3hg1
8d5q,3utt
8d5q,5c0a
8d5q,5c0c
8d5q,5yxu
8d5q,7pb2
8d5q,8wul
8d5q,9nmu
8dnt,1bd2
8dnt,1qrn
8dnt,5c07
8dnt,6dkp
8dnt,6vrm
8dnt,7q9b
8dnt,7rtr
8dnt,8gon
8dnt,8ryp
8dnt,9k2r
8en8,2esv
8en8,2vlj
8en8,3hg1
8en8,5jhd
8en8,6amu
8en8,6avf
8en8,6zkw
8en8,7n4k
8en8,7n5c
8en8,7phr
8enh,1ao7
8enh,4jfd
8enh,6bj2
8enh,6g9q
8enh,7nme
8enh,7nmg
8enh,7ow5
8enh,8cx4
8enh,8dnt
8enh,8v50
8eo8,2esv
8eo8,4mvb
8eo8,6l9l
8eo8,6zkw
8eo8,7n2o
8eo8,7q9b
8eo8,7rk7
8eo8,8enh
8eo8,8es8
8eo8,8rro
8es8,1qse
8es8,2vlk
8es8,4jfe
8es8,4pri
8es8,5isz
8es8,5jhd
8es8,6q3s
8es8,6vm7
8es8,6vmx
8es8,7n2r
8es9,1kj2
8es9,2bnr
8es9,2ypl
8es9,3mv9
8es9,4n5e
8es9,4nhu
8es9,5ivx
8es9,8en8
8es9,8yj2
8es9,9nmv
8f5a,2esv
8f5a,4jrx
8f5a,4nhu
8f5a,6bj3
8f5a,6r2l
8f5a,7nmf
8f5a,8cx4
8f5a,8eo8
8f5a,8ryq
8f5a,9ru5
8gom,2bnr
8gom,3pwp
8gom,3qfj
8gom,4jff
8gom,5wkf
8gom,6amu
8gom,6g9q
8gom,6mtm
8gom,7ndt
8gom,8ryn
8gon,2pye
8gon,2vlr
8gon,5c0b
8gon,5euo
8gon,6d78
8gon,6q3s
8gon,6vm7
8gon,7n2s
8gon,8gvi
8gon,8rj5
8gvb,1g6r
8gvb,2f53
8gvb,2f54
8gvb,2p5w
8gvb,2vlr
8gvb,3kps
8gvb,6d78
8gvb,6q3s
8gvb,7n2n
8gvb,7rk7
8gvg,1ao7
8gvg,1oga
8gvg,2bnr
8gvg,2gj6
8gvg,3ffc
8gvg,3vxr
8gvg,3vxu
8gvg,4jfe
8gvg,4ms8
8gvg,8rro
8gvi,2vlk
8gvi,3e2h
8gvi,3ffc
8gvi,3nfj
8gvi,3o4l
8gvi,3qeq
8gvi,3qfj
8gvi,5c09
8gvi,8d5q
8gvi,8v51
8i5c,3o4l
8i5c,3uts
8i5c,3vxs
8i5c,4ms8
8i5c,7n2p
8i5c,7r80
8i5c,8f5a
8i5c,8ryn
8i5c,9gv6
8i5c,9j4u
8i5d,2ckb
8i5d,3ffc
8i5d,3mv7
8i5d,5nmg
8i5d,6tro
8i5d,7n2p
8i5d,7n2s
8i5d,7ndt
8i5d,9iky
8i5d,9pbg
8pjg,3c5z
8pjg,3qiw
8pjg,4ozh
8pjg,4p46
8pjg,4y19
8pjg,5ksb
8pjg,6cqr
8pjg,6xc9
8pjg,7sg1
8pjg,8vd0
8qfy,1ao7
8qfy,1jtr
8qfy,1oga
8qfy,3vxs
8qfy,4eup
8qfy,5d2l
8qfy,5tez
8qfy,6zkz
8qfy,7n2q
8qfy,9hlj
8rj5,2f53
8rj5,3qfj
8rj5,3tjh
8rj5,3vxu
8rj5,4mxq
8rj5,4qok
8rj5,5tje
8rj5,5yxn
8rj5,8v4z
8rj5,8wte
8rlt,3mv7
8rlt,4euq
8rlt,4qrr
8rlt,5c08
8rlt,5nqk
8rlt,6tmo
8rlt,6tro
8rlt,6zky
8rlt,8yiv
8rlt,9gv6
8rlu,2bnr
8rlu,3o4l
8rlu,3qfj
8rlu,5nht
8rlu,5xov
8rlu,6vm7
8rlu,6zkz
8rlu,7dzm
8rlu,7na5
8rlu,7nmg
8rlv,2ckb
8rlv,2j8u
8rlv,4jrx
8rlv,5jhd
8rlv,5w1v
8rlv,5wkh
8rlv,5wlg
8rlv,7ndu
8rlv,7qpj
8rlv,9rxm
8rro,1g6r
8rro,3e3q
8rro,4nhu
8rro,5isz
8rro,5sws
8rro,5wkf
8rro,6vma
8rro,7n2o
8rro,7q9a
8rro,9nmx
8rym,1fo0
8rym,2f54
8rym,3d3v
8rym,3qeq
8rym,4mvb
8rym,5c08
8rym,5til
8rym,6avg
8rym,7pbc
8rym,8yj2
8ryn,2bnq
8ryn,2bnr
8ryn,4jrx
8ryn,4mxq
8ryn,4qrr
8ryn,5c07
8ryn,5jzi
8ryn,6uon
8ryn,7pb2
8ryn,8gvg
8ryo,1mwa
8ryo,3qfj
8ryo,4qok
8ryo,5isz
8ryo,6vma
8ryo,6zkw
8ryo,7n1e
8ryo,7q9b
8ryo,8gon
8ryo,8ryq
8ryp,1mi5
8ryp,4jfd
8ryp,4jry
8ryp,4qrp
8ryp,7n5c
8ryp,7n6e
8ryp,7ndt
8ryp,7phr
8ryp,7rtr
8ryp,8yiv
8ryq,1bd2
8ryq,2vlj
8ryq,3mv9
8ryq,4jfd
8ryq,4jrx
8ryq,4prp
8ryq,5e6i
8ryq,5sws
8ryq,6g9q
8ryq,8es9
8shi,4n5e
8shi,5nqk
8shi,5tez
8shi,6tmo
8shi,7nmf
8shi,7qpj
8shi,7rk7
8shi,8wul
8shi,9nmw
8shi,9wbd
8trl,1j8h
8trl,3o6f
8trl,4p23
8trl,4p46
8trl,4y1a
8trl,6cql
8trl,6mnn
8trl,6u3o
8trl,7sg1
8trl,9nig
8trq,4grl
8trq,4p2q
8trq,6dfs
8trq,6dfx
8trq,6r0e
8trq,6u3n
8trq,6u3o
8trq,7z50
8trq,8pjg
8trq,9nig
8trr,1j8h
8trr,1u3h
8trr,1ymm
8trr,2z31
8trr,4p2r
8trr,6dfw
8trr,6r0e
8trr,6v1a
8trr,8vcx
8trr,9aud
8v4z,1qse
8v4z,4prp
8v4z,6zky
8v4z,7dzm
8v4z,7ndq
8v4z,8es9
8v4z,8rro
8v4z,8ryn
8v4z,9nmx
8v4z,9rup
8v50,2vlr
8v50,3mv8
8v50,3tpu
8v50,4mji
8v50,5d2l
8v50,5euo
8v50,6p64
8v50,8cx4
8v50,8gvg
8v50,8yj2
8v51,2gj6
8v51,4jfe
8v51,5hho
8v51,5sws
8v51,6rpa
8v51,6vqo
8v51,8eo8
8v51,8wte
8v51,8wul
8v51,9nmx
8vcx,3c60
8vcx,3pl6
8vcx,4p2o
8vcx,4y19
8vcx,5ksb
8vcx,6cqq
8vcx,6u3o
8vcx,6v15
8vcx,7sg0
8vcx,8pjg
8vcy,1u3h
8vcy,1zgl
8vcy,2pxy
8vcy,3qib
8vcy,3qiu
8vcy,4gg6
8vcy,4z7w
8vcy,6mno
8vcy,6py2
8vcy,6u3n
8vd0,2iam
8vd0,2wbj
8vd0,2z31
8vd0,3qib
8vd0,4p2o
8vd0,6mnn
8vd0,6v13
8vd0,6xc9
8vd0,6xco
8vd0,7t2c
8vd2,1zgl
8vd2,3c60
8vd2,3c6l
8vd2,3pl6
8vd2,4p5t
8vd2,4z7v
8vd2,5ksa
8vd2,6bga
8vd2,6mnn
8vd2,7t2b
8vq8,1d9k
8vq8,3mbe
8vq8,4e41
8vq8,4y19
8vq8,5ksb
8vq8,6cqr
8vq8,6mno
8vq8,6xcp
8vq8,8trl
8vq8,8trr
8wte,3kps
8wte,4euq
8wte,5e6i
8wte,5wkf
8wte,7n2r
8wte,7pb2
8wte,7q9a
8wte,8d5q
8wte,8v4z
8wte,8ye4
8wul,3d39
8wul,3vxs
8wul,4zez
8wul,5c0b
8wul,5wkh
8wul,6tmo
8wul,7jwj
8wul,7rk7
8wul,7rtr
8wul,8rlt
8ye4,3tpu
8ye4,4l3e
8ye4,5euo
8ye4,5nme
8ye4,6bj8
8ye4,6vqo
8ye4,6vrm
8ye4,8gon
8ye4,8qfy
8ye4,8yj2
8yiv,3hg1
8yiv,3mv8
8yiv,4jfe
8yiv,4l3e
8yiv,4n0c
8yiv,5xot
8yiv,6rpa
8yiv,6rpb
8yiv,8es9
8yiv,9rxm
8yj2,1ao7
8yj2,3qdm
8yj2,3qfj
8yj2,4qrp
8yj2,6q3s
8yj2,6tmo
8yj2,6ulr
8yj2,6vm8
8yj2,7dzm
8yj2,7n2s
9aud,3rdt
9aud,3t0e
9aud,4e41
9aud,4ozh
9aud,4p5t
9aud,6mno
9aud,6v1a
9aud,7t2d
9aud,8pjg
9aud,8trl
9d95,2oi9
9d95,3e3q
9d95,3kpr
9d95,3pwp
9d95,5til
9d95,7n2s
9d95,7ndt
9d95,8rj5
9d95,8v4z
9d95,9nmx
9gv6,2p5w
9gv6,3ffc
9gv6,3mv7
9gv6,3nfj
9gv6,3qdm
9gv6,3sjv
9gv6,3w0w
9gv6,4g9f
9gv6,6amu
9gv6,7ow6
9gv7,4mxq
9gv7,4n0c
9gv7,5eu6
9gv7,5tje
9gv7,5wkf
9gv7,6g9q
9gv7,6vmc
9gv7,7ow6
9gv7,8gvb
9gv7,9pbh
9hlj,3h9s
9hlj,3kps
9hlj,4jry
9hlj,4n5e
9hlj,5d2n
9hlj,6vm7
9hlj,7dzn
9hlj,8gvi
9hlj,9nds
9hlj,9nmv
9iky,2p5e
9iky,3vxu
9iky,4n0c
9iky,5hyj
9iky,5jhd
9iky,6g9q
9iky,6zkx
9iky,7rk7
9iky,8i5c
9iky,8yj2
9j4t,2vlk
9j4t,3mv9
9j4t,3sjv
9j4t,3tjh
9j4t,3vxm
9j4t,5hyj
9j4t,6tro
9j4t,7jwi
9j4t,8dnt
9j4t,8eo8
9j4u,1nam
9j4u,5c08
9j4u,5m01
9j4u,5wlg
9j4u,6dkp
9j4u,6rpa
9j4u,6vrm
9j4u,8ryq
9j4u,8yiv
9j4u,9gv7
9k2i,2jcc
9k2i,3qdj
9k2i,4n0c
9k2i,4prh
9k2i,5bs0
9k2i,5xot
9k2i,6r2l
9k2i,8eo8
9k2i,8gvi
9k2i,9d95
9k2r,4euq
9k2r,5isz
9k2r,6rpb
9k2r,6vm7
9k2r,6vmc
9k2r,7n2r
9k2r,7q9b
9k2r,8ye4
9k2r,9pbg
9k2r,9pbh
9nds,1ao7
9nds,1nam
9nds,1qsf
9nds,2p5e
9nds,3h9s
9nds,3qdj
9nds,3vxs
9nds,3vxu
9nds,8ryq
9nds,9nmv
9nig,2iam
9nig,2pxy
9nig,4c56
9nig,4gg6
9nig,4ozg
9nig,4y19
9nig,4z7u
9nig,5ksb
9nig,8trq
9nig,8trr
9nmu,1g6r
9nmu,2f53
9nmu,5d2l
9nmu,5hho
9nmu,7n2n
9nmu,7n5p
9nmu,7ndt
9nmu,7q9b
9nmu,8f5a
9nmu,9pbh
9nmv,1kj2
9nmv,2vlj
9nmv,3uts
9nmv,4jfd
9nmv,5c08
9nmv,6am5
9nmv,6d78
9nmv,6rpb
9nmv,7q99
9nmv,8gvb
9nmw,5wkf
9nmw,6l9l
9nmw,6uon
9nmw,6vrm
9nmw,7phr
9nmw,8es9
9nmw,8wte
9nmw,9k2r
9nmw,9nmx
9nmw,9rup
9nmx,1mi5
9nmx,5e6i
9nmx,6am5
9nmx,6eqa
9nmx,6vm8
9nmx,6vma
9nmx,7ow5
9nmx,7ow6
9nmx,7rtr
9nmx,8rlu
9nmy,3e2h
9nmy,3uts
9nmy,4mvb
9nmy,4nhu
9nmy,4qrr
9nmy,4zez
9nmy,5wlg
9nmy,8ryo
9nmy,9gv6
9nmy,9hlj
9pbg,2ol3
9pbg,3qfj
9pbg,3tf7
9pbg,4l3e
9pbg,4prp
9pbg,5nmg
9pbg,8dnt
9pbg,8ryq
9pbg,8v4z
9pbg,9k2r
9pbh,2esv
9pbh,3kps
9pbh,3mv7
9pbh,3mv8
9pbh,3nfj
9pbh,3vxs
9pbh,4ftv
9pbh,5d2l
9pbh,7dzn
9pbh,7n1f
9ru5,3mv7
9ru5,3tjh
9ru5,5c0a
9ru5,5hho
9ru5,6avg
9ru5,6vma
9ru5,7n2r
9ru5,8es9
9ru5,8v51
9ru5,9nmv
9rup,3mv7
9rup,3uts
9rup,3vxu
9rup,4ms8
9rup,4nhu
9rup,4qrp
9rup,5wkf
9rup,5yxn
9rup,6uk4
9rup,7q9b
9rxm,1kj2
9rxm,2uwe
9rxm,3kps
9rxm,3nfj
9rxm,4qrp
9rxm,6vmc
9rxm,6vrm
9rxm,7nme
9rxm,8dnt
9rxm,8f5a
9wbd,2vlk
9wbd,3tfk
9wbd,5nme
9wbd,5nmg
9wbd,6eqa
9wbd,6uon
9wbd,6vm7
9wbd,7rm4
9wbd,8ryq
9wbd,8wul
