rank,peptide,HLA,pep.len,TCRen.score,real
1,KQWLVWLFL,A02:06,9,-2.3848357346362703,true
2,RLLHPHHPL,A02:06,9,-1.5091222872266037,false
3,GQARQSRPV,A02:06,9,-1.4153470587011834,false
4,HVSDMSVVL,B35:01,9,-1.2005390043264543,false
5,TPEEGGQAL,B35:01,9,-1.1572151635242969,false
6,LVWLLLGPM,B35:01,9,-0.8018886829764831,false
7,FPFIAISCS,B35:01,9,-0.7310829143776733,false
8,CSYGRVLFAV,A02:06,10,-0.6470466855786555,false
9,TVLLSATIF,B35:01,9,-0.6342200382652571,false
10,LTNWRFTRGV,A02:06,10,-0.6218293963456738,false
11,WPPPPATTPF,B35:01,10,-0.5967668205131418,false
12,PPPPATTPF,B35:01,9,-0.5869840572903249,false
13,LLVALLDGGL,A02:06,10,-0.5227679121730411,false
14,QSAGPGRPL,C03:03,9,-0.45067664768443233,false
15,LQLYRVLQCA,A02:06,10,-0.3804868015730761,false
16,SYGRVLFAV,A02:06,9,-0.3384183443376687,false
17,VASGENMTL,C03:03,9,-0.31598462706149294,false
18,VVLPPETRPI,A02:06,10,-0.3103607447429726,false
19,AVAGEGRAL,C03:03,9,-0.3103454989060978,false
20,LTGLPHAPAL,C03:03,10,-0.3031092437763938,false
21,FPYSRRKFPA,B35:01,10,-0.2906461790002399,false
22,TPWPPPPAT,B35:01,9,-0.25652960035818506,false
23,GQALAEFAAL,A02:06,10,-0.23339007162877118,false
24,FAVYRMKSAE,C03:03,10,0.03864022819973292,false
25,LVWLFLGHMV,A02:06,10,0.13085649737593869,false
26,WLVWLFLGHM,A02:06,10,0.17592941803547596,false
27,WLVWLLLGPM,A02:06,10,0.21080539865146325,false
28,GQVLFAVYRM,A02:06,10,0.24078441591880112,false
29,LVWLLLGPMV,A02:06,10,0.3377407380035828,false
30,QLYRVLQCA,A02:06,9,0.3893704868166801,false
31,VALLDGGLPA,A02:06,10,0.42838267403155006,false
32,IMLLTNWRF,B58:01,9,0.46470088144502963,false
33,APTAVGPPL,B35:01,9,0.6889005077393104,false
34,CSCGQVLFAV,A02:06,10,0.6987330036161529,false
35,GAVAGEGRAL,C03:03,10,0.6997310045613856,false
36,VLLSATIFLV,A02:06,10,0.7797457706782386,false
37,TGLPHAPAL,C03:03,9,0.78502240160041,false
38,LPVTDTSSV,B35:01,9,0.8664233639054526,false
39,WLFLGHMVV,A02:06,9,0.8847332758297746,false
40,APALDAPLF,B35:01,9,0.9025882187831789,false
41,HAPALDAPL,B35:01,9,0.9799002517536936,false
42,VQSAGPGRPL,C03:03,10,1.00716238439358,false
43,FLGHMVVSQM,C03:03,10,1.110513219907973,false
44,YIMLLTNWRF,A02:06,10,1.1446635025512069,false
45,FSLSTIHLRL,A02:06,10,1.1564641004369243,false
46,RGARAPAAW,B58:01,9,1.1874225372716456,false
47,TVLLSATIFL,A02:06,10,1.2264705194356866,false
48,LLSATIFLV,A02:06,9,1.2902988729149982,false
49,VASGENMTLL,C03:03,10,1.3474925433495002,false
50,AAPTAVGPPL,C03:03,10,1.3645607818135952,false
51,ALDAPLFGI,A02:06,9,1.3825157075525334,false
52,FPFIAISCSY,B35:01,10,1.4775408237205145,false
53,ISCSYGRVL,C03:03,9,1.4928390883033804,false
54,YRVLQCANL,C03:03,9,1.5026798173946545,false
55,WLLLGPMVV,A02:06,9,1.6648609905290523,false
56,RVLFAVYHM,A02:06,9,1.687528461119604,false
57,FRLLHPHHPL,C03:03,10,1.824875813312663,false
58,FAVYRMKSA,C03:03,9,1.8599873487313434,false
59,GQALAEFAA,A02:06,9,1.9230406409222085,false
60,THVSDMSVVL,C03:03,10,1.9780868276950831,false
61,LPVTDTSSVS,B35:01,10,2.0252182979282516,false
62,TWVYEGTVL,C03:03,9,2.0617976901851334,false
63,RVLQCANLL,A02:06,9,2.0837413210291933,false
64,YSRRKFPAW,B58:01,9,2.3604657826584012,false
65,FPFIGISCSC,B35:01,10,2.593973461438511,false
66,ISCSCGQVL,C03:03,9,3.026134877051959,false
67,VPCVCAVRY,B35:01,9,3.195520435294511,false
68,WVYEGTVLL,A02:06,9,3.2710198834596937,false
69,IAISCSYGQV,A02:06,10,3.617583578937727,false
70,ALLDGGLPA,A02:06,9,3.706350749562663,false
71,FLVFPFIAI,A02:06,9,3.974295283262191,false
72,TVASGENMTL,C03:03,10,4.2791311896423,false
73,LLDGGLPAG,A02:06,9,4.287107959872589,false
74,FISGRFPYS,A02:06,9,4.663029276495071,false
75,YKYEECKDVI,C03:03,10,4.6789743944083115,false
76,YRVLQCANLL,C03:03,10,4.962084804575781,false
77,VLLSATIFL,A02:06,9,5.034786701986354,false
78,SEDSGNFSV,A02:06,9,5.411845403772799,false
79,AISCSYGQV,A02:06,9,8.108465479265242,false
