pair_id,template_id,cdr3_donor_id,real,e_total,e_tra,e_trb
0,1ao7,1ao7,1,0.2528064784408752,0.41771940006178687,-0.16491292162091162
1,1ao7,3pwp,0,0.2528064784408752,0.41771940006178687,-0.16491292162091162
2,1ao7,4ftv,0,0.025180855359467014,0.41771940006178687,-0.39253854470231986
3,1ao7,6vrm,0,-1.1121890428996009,-0.5269547304873956,-0.5852343124122052
4,1ao7,6zkw,0,0.7130658812962491,-0.005181276094414322,0.7182471573906635
5,1ao7,7jwj,0,-0.5701710128731621,-0.6582713635389008,0.08810035066573879
6,1ao7,8wte,0,0.849726042286814,0.1383585908402706,0.7113674514465435
7,3pwp,1ao7,0,-1.2654976804345988,-0.5329527358870274,-0.7325449445475714
8,3pwp,3pwp,1,-1.2654976804345988,-0.5329527358870274,-0.7325449445475714
9,3pwp,4ftv,0,-0.20134833370373195,-0.5329527358870274,0.33160440218329545
10,3pwp,6vrm,0,0.9717916607916084,-0.39495319768380943,1.3667448584754178
11,3pwp,6zkw,0,-0.9940562421788063,-0.05598215738540565,-0.9380740847934006
12,3pwp,7jwj,0,1.622840167485438,0.2315595707751954,1.3912805967102426
13,3pwp,8wte,0,0.9055656345081695,-0.010717736616226381,0.916283371124396
14,4ftv,1ao7,0,0.46029143157751784,0.41771940006178687,0.04257203151573094
15,4ftv,3pwp,0,0.46029143157751784,0.41771940006178687,0.04257203151573094
16,4ftv,4ftv,1,-0.15785549414987432,0.41771940006178687,-0.5755748942116612
17,4ftv,6vrm,0,-0.9259700942671003,-0.5269547304873956,-0.3990153637797047
18,4ftv,6zkw,0,0.9205508344328915,-0.005181276094414322,0.9257321105273059
19,4ftv,7jwj,0,0.04114972010895512,-0.6582713635389008,0.6994210836478559
20,4ftv,8wte,0,0.9015057453046122,0.1383585908402707,0.7631471544643416
21,6vrm,1ao7,0,0.8029018121214755,0.6220539402518526,0.18084787186962287
22,6vrm,3pwp,0,0.8029018121214755,0.6220539402518526,0.18084787186962287
23,6vrm,4ftv,0,-0.7223897584253256,0.6220539402518526,-1.3444436986771782
24,6vrm,6vrm,1,-0.5609268695839081,-0.1315166137612935,-0.4294102558226146
25,6vrm,6zkw,0,0.8327080719964854,0.12720088494728693,0.7055071870491985
26,6vrm,7jwj,0,1.6752378181062322,-0.02245841672558669,1.697696234831819
27,6vrm,8wte,0,-0.14141132939004142,0.3963753926223441,-0.5377867220123855
28,6zkw,1ao7,0,-1.3283845074572376,-1.5918636426454866,0.263479135188249
29,6zkw,3pwp,0,-1.3283845074572376,-1.5918636426454866,0.263479135188249
30,6zkw,4ftv,0,-1.1822570937911132,-1.5918636426454866,0.4096065488543734
31,6zkw,6vrm,0,0.645310645592196,2.1393624816857493,-1.4940518360935533
32,6zkw,6zkw,1,1.3285323596164345,0.7582303936300476,0.5703019659863869
33,6zkw,7jwj,0,2.6571212628229484,1.0096339418009408,1.6474873210220076
34,6zkw,8wte,0,0.535891383634867,-0.1505565644989092,0.6864479481337762
35,7jwj,1ao7,0,-2.0655892776317732,0.0,-2.0655892776317732
36,7jwj,3pwp,0,-2.0655892776317732,0.0,-2.0655892776317732
37,7jwj,4ftv,0,-0.7528299579884901,0.0,-0.7528299579884901
38,7jwj,6vrm,0,2.817754001328364,0.0,2.817754001328364
39,7jwj,6zkw,0,0.08011417666248843,0.0,0.08011417666248843
40,7jwj,7jwj,1,0.9840329790585807,0.0,0.9840329790585807
41,7jwj,8wte,0,3.319146419180555,0.0,3.319146419180555
42,8wte,1ao7,0,0.3380123978198364,0.0,0.3380123978198364
43,8wte,3pwp,0,0.3380123978198364,0.0,0.3380123978198364
44,8wte,4ftv,0,-0.5376232331748485,0.0,-0.5376232331748485
45,8wte,6vrm,0,0.4031985054541516,0.0,0.4031985054541516
46,8wte,6zkw,0,0.08132158956485669,0.0,0.08132158956485669
47,8wte,7jwj,0,-1.1046012810657813,0.0,-1.1046012810657813
48,8wte,8wte,1,-0.025111266263792682,0.0,-0.025111266263792682
49,1bd2,1bd2,1,-0.010825586069871829,-0.6323714511039913,0.6215458650341195
50,1bd2,4qrp,0,0.03457785907416966,0.3410484273294313,-0.30647056825526164
51,1bd2,7rm4,0,2.2355010820478656,0.5940251144451645,1.6414759676027013
52,1bd2,8i5d,0,1.3896563016876473,-0.02224204332614732,1.4118983450137947
53,1bd2,8rym,0,-0.5260506746112608,-0.5481448155407941,0.02209414092953331
54,4qrp,1bd2,0,2.2313620743508586,1.8258840530987648,0.4054780212520937
55,4qrp,4qrp,1,-5.911640646649948,-2.807869531178724,-3.1037711154712246
56,4qrp,7rm4,0,2.991919179059676,0.9246335553985435,2.0672856236611326
57,4qrp,8i5d,0,3.1083198436897024,-0.17992684441385026,3.288246688103553
58,4qrp,8rym,0,2.0669203732055963,1.2416240665325426,0.8252963066730536
59,7rm4,1bd2,0,0.3056461732579399,0.43923248397691383,-0.13358631071897392
60,7rm4,4qrp,0,-1.1002134855146122,-0.9666271747956382,-0.13358631071897392
61,7rm4,7rm4,1,0.2501186563109422,0.48297581167794096,-0.23285715536699872
62,7rm4,8i5d,0,0.2755908220009315,0.4091771327199054,-0.13358631071897392
63,7rm4,8rym,0,0.8494734826407995,0.6429639782239525,0.206509504416847
64,8i5d,1bd2,0,-0.5771696194127716,-0.4430339800536621,-0.1341356393591094
65,8i5d,4qrp,0,1.2740839117933462,0.7974417104369165,0.4766422013564299
66,8i5d,7rm4,0,0.8045255564218229,0.6455816969286613,0.15894385949316162
67,8i5d,8i5d,1,-1.5630115807377096,-1.016494102234718,-0.5465174785029916
68,8i5d,8rym,0,-0.1070217117663666,0.2586665241281179,-0.3656882358944845
69,8rym,1bd2,0,0.18839934765666888,0.0986160966884789,0.08978325096819
70,8rym,4qrp,0,-0.9079149134936612,0.5645202721968731,-1.4724351856905342
71,8rym,7rm4,0,1.4728778666540956,0.48596974362496265,0.986908123029133
72,8rym,8i5d,0,0.26401706693257754,0.0986160966884789,0.16540097024409864
73,8rym,8rym,1,-1.0729055652254722,-0.3071368720871298,-0.7657686931383425
74,1fo0,1fo0,1,-1.5299893375784719,0.0,-1.5299893375784719
75,1fo0,1nam,0,-1.5299893375784719,0.0,-1.5299893375784719
76,1nam,1fo0,0,-1.0474710597915307,-0.08992008643523555,-0.9575509733562951
77,1nam,1nam,1,-1.0474710597915307,-0.08992008643523555,-0.9575509733562951
78,1fyt,1fyt,1,-0.2348961770131166,-1.4197455223016,1.1848493452884834
79,1fyt,3qib,0,-0.7896612956995569,0.11169482366304262,-0.9013561193625995
80,1fyt,6avf,0,0.13640391470680413,-0.6847060270935337,0.8211099418003378
81,3qib,1fyt,0,3.18683218163393,0.6839807623213283,2.5028514193126017
82,3qib,3qib,1,-2.049708294553211,-0.3855308990410117,-1.6641773955121992
83,3qib,6avf,0,1.79149661327107,1.6715237440693034,0.11997286920176647
84,6avf,1fyt,0,4.254443369160955,4.270819071037027,-0.016375701876072346
85,6avf,3qib,0,-0.5166780371172464,1.216179792413056,-1.7328578295303023
86,6avf,6avf,1,1.0085714601486395,0.9271333652930116,0.08143809485562797
87,1lp9,1lp9,1,-0.22911771230144495,0.5479782575807062,-0.7770959698821511
88,1lp9,5brz,0,0.45184397985948055,-0.29203382062611427,0.7438778004855948
89,1lp9,5e6i,0,-2.072306052191669,-0.6552670533055411,-1.4170389988861278
90,1lp9,5euo,0,-1.609189751356027,-1.1635520205719492,-0.44563773078407765
91,1lp9,7ndq,0,0.6685001153879895,-0.29268031911371745,0.961180434501707
92,1lp9,8rj5,0,1.1909870477541897,1.2042427026809261,-0.013255654926736481
93,5brz,1lp9,0,1.0150805637885754,0.34400585074354173,0.6710747130450336
94,5brz,5brz,1,0.14630231468482768,-0.8219139676389347,0.9682162823237623
95,5brz,5e6i,0,3.417806778188213,0.2560705454912965,3.1617362326969167
96,5brz,5euo,0,1.799900200752314,0.2560705454912965,1.5438296552610173
97,5brz,7ndq,0,0.7764616195930734,0.044804703483878605,0.7316569161091947
98,5brz,8rj5,0,0.32252027618830714,0.025395185811814186,0.29712509037649293
99,5e6i,1lp9,0,0.8246544273088864,0.6030952618751526,0.2215591654337338
100,5e6i,5brz,0,0.3793689878198293,0.2531038226444871,0.1262651651753422
101,5e6i,5e6i,1,-2.369807841164671,-0.13051183157501556,-2.2392960095896557
102,5e6i,5euo,0,-0.10424993713250644,-0.13051183157501556,0.02626189444250912
103,5e6i,7ndq,0,-0.35470151596347527,-0.6411656745352402,0.28646415857176494
104,5e6i,8rj5,0,1.09211849215343,-0.007075513912687292,1.0991940060661172
105,5euo,1lp9,0,0.4312487778068895,0.6563663438335343,-0.22511756602664476
106,5euo,5brz,0,0.9008592474650967,0.23505287882830012,0.6658063686367965
107,5euo,5e6i,0,-2.16503459052926,-0.1485627753912025,-2.0164718151380576
108,5euo,5euo,1,-0.3245467673432402,-0.1485627753912025,-0.17598399195203768
109,5euo,7ndq,0,0.4390990415923267,-0.7357442163864057,1.1748432579787325
110,5euo,8rj5,0,0.2579608640218478,-0.061592653195778474,0.3195535172176263
111,7ndq,1lp9,0,0.31305462460609634,-0.5066521562641175,0.8197067808702139
112,7ndq,5brz,0,-0.8276708862296719,-0.14153025443681225,-0.6861406317928597
113,7ndq,5e6i,0,-1.2082000918840707,-0.3427938775679492,-0.8654062143161215
114,7ndq,5euo,0,2.254716146404862,-0.11287973450302283,2.367595880907885
115,7ndq,7ndq,1,-1.4141475898111664,-0.7077791749737383,-0.706368414837428
116,7ndq,8rj5,0,2.211730912083234,0.7978314426556115,1.4138994694276228
117,8rj5,1lp9,0,1.2439921011939705,0.6542186784521031,0.5897734227418674
118,8rj5,5brz,0,0.1883909326492946,0.1059140863129705,0.0824768463363241
119,8rj5,5e6i,0,0.260481486860831,-0.28591500716123436,0.5463964940220654
120,8rj5,5euo,0,-0.9784687043044911,-0.970850122160809,-0.007618582143682051
121,8rj5,7ndq,0,-0.3747708135866671,-0.5227459696235607,0.14797515603689357
122,8rj5,8rj5,1,-0.9243163587345613,-0.11954386735179684,-0.8047724913827644
123,1mi5,1mi5,1,-0.7008662379063243,-0.6051159924204952,-0.09575024548582911
124,1mi5,3kpr,0,-0.7008662379063243,-0.6051159924204952,-0.09575024548582911
125,1mi5,6bj2,0,-0.7867993514342239,-1.4650496380453084,0.6782502866110846
126,1mi5,8ye4,0,-0.05259770400631392,-0.5103863865404036,0.45778868253408966
127,3kpr,1mi5,0,-0.5108574099270855,-0.42863759064586715,-0.08221981928121833
128,3kpr,3kpr,1,-0.5108574099270855,-0.42863759064586715,-0.08221981928121833
129,3kpr,6bj2,0,0.437053586326834,-0.8650652952420795,1.3021188815689135
130,3kpr,8ye4,0,1.4244628134837518,-0.21365964657043993,1.6381224600541917
131,6bj2,1mi5,0,1.991425829186375,1.5966000942375553,0.39482573494881956
132,6bj2,3kpr,0,1.991425829186375,1.5966000942375553,0.39482573494881956
133,6bj2,6bj2,1,-0.6539610093254156,1.3701831005073457,-2.0241441098327613
134,6bj2,8ye4,0,2.00458420580343,2.1221861335866667,-0.1176019277832366
135,8ye4,1mi5,0,-0.9775636204540228,-0.343497857052499,-0.6340657634015238
136,8ye4,3kpr,0,-0.9775636204540228,-0.343497857052499,-0.6340657634015238
137,8ye4,6bj2,0,1.4540467355458009,0.10382479933499159,1.3502219362108092
138,8ye4,8ye4,1,-1.685685588907167,-0.6905322831564669,-0.9951533057507002
139,1oga,1oga,1,-0.5375698810864327,-0.36158588913439493,-0.17598399195203768
140,1oga,5isz,0,0.49132058122867783,0.1439858191362381,0.34733476209243974
141,1oga,7pbe,0,-0.11112698910562624,-0.6848444818048416,0.5737174926992153
142,1oga,8i5c,0,0.5250191986011099,0.30583912365904253,0.21918007494206734
143,5isz,1oga,0,-0.5587349938269021,-0.4891408968133468,-0.06959409701355528
144,5isz,5isz,1,0.5593137780822374,0.193145591828401,0.3661681862538364
145,5isz,7pbe,0,-0.18243145218572643,-0.6356847091126787,0.4532532569269523
146,5isz,8i5c,0,0.32054400906547514,0.17828411598009067,0.14225989308538448
147,7pbe,1oga,0,0.6881326163651361,1.2429821372181644,-0.5548495208530283
148,7pbe,5isz,0,1.1907648131867843,0.5014511553748592,0.689313657811925
149,7pbe,7pbe,1,-1.138299433922275,-0.54113465859505,-0.5971647753272249
150,7pbe,8i5c,0,0.8898369860559048,0.6855494658270909,0.2042875202288139
151,8i5c,1oga,0,0.22659483951188986,0.19177489960379912,0.03481993990809075
152,8i5c,5isz,0,2.2464157488034298,0.19177489960379912,2.0546408491996306
153,8i5c,7pbe,0,1.1010424373557228,0.5508019840312485,0.5502404533244742
154,8i5c,8i5c,1,0.023629648354263122,0.13860087538683707,-0.11497122703257395
155,1u3h,1u3h,1,-0.48940673976012167,-0.5567470925109104,0.0673403527507887
156,1u3h,3o6f,0,-0.7860144483736408,-0.5730610137466434,-0.2129534346269973
157,1u3h,6v13,0,-1.2285810811240958,-0.729850712374821,-0.4987303687492748
158,1u3h,8trr,0,0.08192686318072556,-0.4073584083749105,0.48928527155563606
159,3o6f,1u3h,0,-0.4126654295804214,0.17341027915504784,-0.5860757087354692
160,3o6f,3o6f,1,-1.1682357466072393,-0.5289717554282821,-0.6392639911789572
161,3o6f,6v13,0,1.847629303755218,0.05375144020662456,1.7938778635485935
162,3o6f,8trr,0,0.424544611324042,-0.27853379580050774,0.7030784071245497
163,6v13,1u3h,0,-0.2604742009577148,-0.4481593077658169,0.1876851068081021
164,6v13,3o6f,0,0.10521203081326744,-0.1445878344950806,0.24979986530834805
165,6v13,6v13,1,-3.123315570616513,-0.46837800943263463,-2.6549375611838784
166,6v13,8trr,0,0.7572625743053691,0.3290425044256188,0.42822006987975036
167,8trr,1u3h,0,0.5813907635282362,0.11330703789834318,0.468083725629893
168,8trr,3o6f,0,-0.14105983370289985,-0.056660407349643005,-0.08439942635325684
169,8trr,6v13,0,0.6386079909328383,0.11330703789834326,0.525300953034495
170,8trr,8trr,1,0.6739190213963702,0.17687550954567763,0.49704351185069257
171,2bnq,2bnq,1,-2.178400021590584,-2.251832849418335,0.07343282782775122
172,2bnq,5eu6,0,-0.45078076849359705,-1.0697239657701991,0.6189431972766021
173,2bnq,5tez,0,-2.1140332460848668,-2.3356347232705272,0.22160147718566064
174,2bnq,6rsy,0,-1.4713866381182912,-1.6223751244293774,0.15098848631108613
175,5eu6,2bnq,0,1.2852546332118084,0.5742610364982008,0.7109935967136075
176,5eu6,5eu6,1,-0.6748652083372882,0.13416375315773524,-0.8090289614950235
177,5eu6,5tez,0,0.8983054340253585,1.5797001134801707,-0.6813946794548122
178,5eu6,6rsy,0,0.5371076852230772,0.6515640731294665,-0.11445638790638935
179,5tez,2bnq,0,-0.7826193487242438,-0.24931751525438436,-0.5333018334698594
180,5tez,5eu6,0,-0.9648147119407431,0.2893114297110513,-1.2541261416517944
181,5tez,5tez,1,-1.2537412602198588,-0.6612569619271127,-0.5924842982927461
182,5tez,6rsy,0,-0.19894940762530852,-0.23231993888581326,0.03337053126050474
183,6rsy,2bnq,0,-1.9648359433493154,-1.0154432243494846,-0.9493927189998308
184,6rsy,5eu6,0,-0.25616615644513374,-0.037940373872544786,-0.21822578257258896
185,6rsy,5tez,0,0.6015049144752639,0.4277756938873165,0.17372922058794737
186,6rsy,6rsy,1,-1.106453891764898,-0.5743477760106226,-0.5321061157542755
187,2e7l,2e7l,1,0.310657612069701,0.6937939534332264,-0.38313634136352537
188,2e7l,4nhu,0,-0.5684932371825526,-0.18535689581902728,-0.38313634136352537
189,4nhu,2e7l,0,1.4086061829356844,1.4086061829356844,0.0
190,4nhu,4nhu,1,-1.952642312933843,-1.952642312933843,0.0
191,2esv,2esv,1,-0.637332415856675,-0.8208280101598491,0.18349559430317408
192,2esv,3tfk,0,0.4018138413888378,0.23619916707237304,0.16561467431646476
193,2esv,3tjh,0,0.4018138413888378,0.23619916707237304,0.16561467431646476
194,2esv,3tpu,0,0.4018138413888378,0.23619916707237304,0.16561467431646476
195,2esv,4ms8,0,0.4018138413888378,0.23619916707237304,0.16561467431646476
196,2esv,4n5e,0,0.4018138413888378,0.23619916707237304,0.16561467431646476
197,3tfk,2esv,0,0.4769689295163152,-0.521054107257172,0.9980230367734872
198,3tfk,3tfk,1,0.5521861960060384,-0.45235384630989567,1.004540042315934
199,3tfk,3tjh,0,0.5521861960060384,-0.45235384630989567,1.004540042315934
200,3tfk,3tpu,0,0.5521861960060384,-0.45235384630989567,1.004540042315934
201,3tfk,4ms8,0,0.5521861960060384,-0.45235384630989567,1.004540042315934
202,3tfk,4n5e,0,0.5521861960060384,-0.45235384630989567,1.004540042315934
203,3tjh,2esv,0,2.794355822817524,0.5073421696613748,2.287013653156149
204,3tjh,3tfk,0,-2.2958127233882863,-0.8945950688509803,-1.401217654537306
205,3tjh,3tjh,1,-2.2958127233882863,-0.8945950688509803,-1.401217654537306
206,3tjh,3tpu,0,-2.2958127233882863,-0.8945950688509803,-1.401217654537306
207,3tjh,4ms8,0,-2.2958127233882863,-0.8945950688509803,-1.401217654537306
208,3tjh,4n5e,0,-2.2958127233882863,-0.8945950688509803,-1.401217654537306
209,3tpu,2esv,0,1.7856655873223986,0.7716265785473352,1.0140390087750635
210,3tpu,3tfk,0,0.3719500766858961,0.8731667013513014,-0.5012166246654053
211,3tpu,3tjh,0,0.3719500766858961,0.8731667013513014,-0.5012166246654053
212,3tpu,3tpu,1,0.3719500766858961,0.8731667013513014,-0.5012166246654053
213,3tpu,4ms8,0,0.3719500766858961,0.8731667013513014,-0.5012166246654053
214,3tpu,4n5e,0,0.3719500766858961,0.8731667013513014,-0.5012166246654053
215,4ms8,2esv,0,-0.700195713341381,0.0,-0.700195713341381
216,4ms8,3tfk,0,-0.708039996185819,0.0,-0.708039996185819
217,4ms8,3tjh,0,-0.708039996185819,0.0,-0.708039996185819
218,4ms8,3tpu,0,-0.708039996185819,0.0,-0.708039996185819
219,4ms8,4ms8,1,-0.708039996185819,0.0,-0.708039996185819
220,4ms8,4n5e,0,-0.708039996185819,0.0,-0.708039996185819
221,4n5e,2esv,0,-1.338816726437218,-0.2012165545239708,-1.1376001719132471
222,4n5e,3tfk,0,1.1456823589087854,0.8727185598140179,0.2729637990947676
223,4n5e,3tjh,0,1.1456823589087854,0.8727185598140179,0.2729637990947676
224,4n5e,3tpu,0,1.1456823589087854,0.8727185598140179,0.2729637990947676
225,4n5e,4ms8,0,1.1456823589087854,0.8727185598140179,0.2729637990947676
226,4n5e,4n5e,1,1.1456823589087854,0.8727185598140179,0.2729637990947676
227,2nx5,2nx5,1,-0.8327698565012293,0.008983014866338929,-0.8417528713675682
228,2nx5,2pxy,0,1.7309112773696969,1.330960308980429,0.3999509683892678
229,2pxy,2nx5,0,-1.0806702632339211,-0.06912888428918817,-1.011541378944733
230,2pxy,2pxy,1,-0.2697841818350253,0.5077184115487883,-0.7775025933838136
231,3c60,3c60,1,-4.257284870912126,0.2245779700180383,-4.481862840930164
232,3c60,3rgv,0,-4.257284870912126,0.2245779700180383,-4.481862840930164
233,3rgv,3c60,0,-1.5744715704233898,0.08839482375573303,-1.6628663941791229
234,3rgv,3rgv,1,-1.5744715704233898,0.08839482375573303,-1.6628663941791229
235,3dxa,3dxa,1,-1.2015733297017241,-0.30357834781273396,-0.8979949818889902
236,3dxa,5nht,0,0.9948370728556629,0.2804799476725728,0.7143571251830901
237,3dxa,5wkf,0,0.5228459286676631,0.7546730989999223,-0.2318271703322592
238,5nht,3dxa,0,2.285108470092015,-0.03602468838714129,2.321133158479156
239,5nht,5nht,1,-1.2621566200565808,-0.35481631442357237,-0.9073403056330085
240,5nht,5wkf,0,-1.0138647411071773,0.2622465372970563,-1.2761112784042337
241,5wkf,3dxa,0,4.05462780374204,0.7787107021425834,3.275917101599456
242,5wkf,5nht,0,-0.6666135470956306,-0.26433765803844295,-0.40227588905718764
243,5wkf,5wkf,1,-1.2323985394215822,-0.26433765803844295,-0.9680608813831393
244,3gsn,3gsn,1,-0.3323359340430126,0.2905836604319038,-0.6229195944749164
245,3gsn,7n2p,0,-1.488948135393628,-0.8866059671364879,-0.60234216825714
246,3gsn,7n2r,0,-1.488948135393628,-0.8866059671364879,-0.60234216825714
247,3gsn,7na5,0,1.2864439410970088,-0.1581530314162211,1.44459697251323
248,3gsn,8gom,0,-0.9769205292865828,-0.56499710536551,-0.41192342392107284
249,7n2p,3gsn,0,-0.6514253658174939,0.03782345108405163,-0.6892488169015455
250,7n2p,7n2p,1,-1.2258262699105456,-0.3173578405978975,-0.9084684293126479
251,7n2p,7n2r,0,-1.2258262699105456,-0.3173578405978975,-0.9084684293126479
252,7n2p,7na5,0,1.8488635657732062,-0.04890903674075999,1.8977726025139663
253,7n2p,8gom,0,-0.05436160184483961,0.06087411705190805,-0.11523571889674766
254,7n2r,3gsn,0,2.1825799635881027,0.0,2.1825799635881027
255,7n2r,7n2p,0,-1.4950572733998069,0.0,-1.4950572733998069
256,7n2r,7n2r,1,-1.4950572733998069,0.0,-1.4950572733998069
257,7n2r,7na5,0,1.8096037167437249,0.0,1.8096037167437249
258,7n2r,8gom,0,0.4278398888128701,0.0,0.4278398888128701
259,7na5,3gsn,0,-1.2851327631676284,0.2405030330997098,-1.5256357962673381
260,7na5,7n2p,0,0.9541583728055487,0.4414762709349775,0.5126821018705713
261,7na5,7n2r,0,0.9541583728055487,0.4414762709349775,0.5126821018705713
262,7na5,7na5,1,-0.3659376884825763,0.23013723594323637,-0.5960749244258127
263,7na5,8gom,0,2.094622727587364,0.6565020953319463,1.4381206322554174
264,8gom,3gsn,0,0.8552259196497366,0.5286694492887409,0.32655647036099567
265,8gom,7n2p,0,0.511997742495972,-0.2603325383608477,0.7723302808568197
266,8gom,7n2r,0,0.511997742495972,-0.2603325383608477,0.7723302808568197
267,8gom,7na5,0,0.5722030282314711,0.1281526683729095,0.44405035985856156
268,8gom,8gom,1,-1.2894908658544089,-0.36502655803718365,-0.9244643078172253
269,3hg1,3hg1,1,-2.699768305148305,0.2521570793983172,-2.9519253845466222
270,3hg1,4jfd,0,-1.906895616898975,0.2521570793983172,-2.1590526962972922
271,3hg1,7q99,0,-2.699768305148305,0.2521570793983172,-2.9519253845466222
272,4jfd,3hg1,0,-2.362362342822439,-0.2083941730750031,-2.153968169747436
273,4jfd,4jfd,1,-1.6253635422732557,0.16859602152112835,-1.7939595637943841
274,4jfd,7q99,0,-2.362362342822439,-0.2083941730750031,-2.153968169747436
275,7q99,3hg1,0,-0.03160887668862128,-0.18792834359955016,0.15631946691092888
276,7q99,4jfd,0,0.2944821898632576,0.18906185099658127,0.10542033886667632
277,7q99,7q99,1,-0.03160887668862128,-0.18792834359955016,0.15631946691092888
278,3o4l,3o4l,1,0.004090187599585127,-0.6527855551242558,0.656875742723841
279,3o4l,7n6e,0,0.3439976245127925,-0.2986602735783739,0.6426578980911664
280,3o4l,7phr,0,2.7933241415395527,1.0290135400248528,1.7643106015147
281,7n6e,3o4l,0,1.380194256358224,0.8475120442470094,0.5326822121112146
282,7n6e,7n6e,1,0.3798038910941979,-0.041396709928960246,0.4212006010231581
283,7n6e,7phr,0,-0.41238121286988033,-0.1506213273210653,-0.261759885548815
284,7phr,3o4l,0,0.49682082232690367,0.2872537732946447,0.20956704903225898
285,7phr,7n6e,0,-0.7095210431916641,0.24579336589178358,-0.9553144090834477
286,7phr,7phr,1,0.6540773821961006,-0.6658479711100482,1.3199253533061488
287,3pl6,3pl6,1,-1.833684060446663,-1.1099554525356807,-0.7237286079109825
288,3pl6,4grl,0,-1.833684060446663,-1.1099554525356807,-0.7237286079109825
289,4grl,3pl6,0,-0.6157115970452217,-0.5241910330143297,-0.09152056403089204
290,4grl,4grl,1,-0.6157115970452217,-0.5241910330143297,-0.09152056403089204
291,3qdg,3qdg,1,-0.6662120701971462,-0.07164705572776309,-0.5945650144693831
292,3qdg,6amu,0,-0.6662120701971462,-0.07164705572776309,-0.5945650144693831
293,6amu,3qdg,0,0.6001175293503297,-0.18574574202240798,0.7858632713727377
294,6amu,6amu,1,0.6001175293503297,-0.18574574202240798,0.7858632713727377
295,3qiu,3qiu,1,-1.9234662208633388,-0.4840938020208083,-1.4393724188425305
296,3qiu,4jry,0,3.805463994441858,0.7261884907637245,3.0792755036781334
297,3qiu,4p2r,0,-1.6978759727611215,-0.2585035539185909,-1.4393724188425305
298,4jry,3qiu,0,-0.9196805325726705,0.0,-0.9196805325726705
299,4jry,4jry,1,-0.5699384615984824,0.0,-0.5699384615984824
300,4jry,4p2r,0,-0.9196805325726705,0.0,-0.9196805325726705
301,4p2r,3qiu,0,-0.8842772949688835,-0.5633435024491789,-0.32093379251970466
302,4p2r,4jry,0,0.9520752202254551,-0.214901565601939,1.166976785827394
303,4p2r,4p2r,1,-0.03518943230277105,0.2857443602169336,-0.32093379251970466
304,3sjv,3sjv,1,1.0142265409476598,0.5895373390727554,0.42468920187490433
305,3sjv,9nmu,0,0.9104996548334044,-0.05745013578453435,0.9679497906179388
306,9nmu,3sjv,0,0.9993860721562724,-0.025157936609793763,1.0245440087660662
307,9nmu,9nmu,1,-2.1473967007640917,-0.8672984252375966,-1.280098275526495
308,3uts,3uts,1,-1.2853322482771885,-0.18055775069468696,-1.1047744975825016
309,3uts,5c07,0,-1.2853322482771885,-0.18055775069468696,-1.1047744975825016
310,3uts,5c09,0,-1.2853322482771885,-0.18055775069468696,-1.1047744975825016
311,3uts,5e9d,0,-0.8636236773217427,-0.851827023147346,-0.011796654174396695
312,5c07,3uts,0,-1.3002661759732084,-0.4356124990537516,-0.8646536769194567
313,5c07,5c07,1,-1.3002661759732084,-0.4356124990537516,-0.8646536769194567
314,5c07,5c09,0,-1.3002661759732084,-0.4356124990537516,-0.8646536769194567
315,5c07,5e9d,0,-0.36133720074833847,-0.2807983075189045,-0.08053889322943397
316,5c09,3uts,0,-1.002276303410297,-0.2995641154200749,-0.7027121879902221
317,5c09,5c07,0,-1.002276303410297,-0.2995641154200749,-0.7027121879902221
318,5c09,5c09,1,-1.002276303410297,-0.2995641154200749,-0.7027121879902221
319,5c09,5e9d,0,-0.08222041178749703,0.016369425258123932,-0.09858983704562096
320,5e9d,3uts,0,0.34921424384006555,0.709930875863957,-0.3607166320238914
321,5e9d,5c07,0,0.34921424384006555,0.709930875863957,-0.3607166320238914
322,5e9d,5c09,0,0.34921424384006555,0.709930875863957,-0.3607166320238914
323,5e9d,5e9d,1,0.29878019071538087,0.21431885489084984,0.08446133582453105
324,4eup,4eup,1,-1.725473488265667,0.0,-1.725473488265667
325,4eup,6rpb,0,1.7219511969590717,0.0,1.7219511969590717
326,4eup,6vmx,0,-0.0575629667058119,0.0,-0.0575629667058119
327,6rpb,4eup,0,0.7526862271085455,0.8025090892557437,-0.04982286214719828
328,6rpb,6rpb,1,-0.32178655761884434,-1.439129272962492,1.1173427153436477
329,6rpb,6vmx,0,-0.28486081659264917,-1.0421142795471263,0.7572534629544772
330,6vmx,4eup,0,-0.03088742903983538,0.39830387843804577,-0.42919130747788115
331,6vmx,6rpb,0,0.8393631590200172,-0.7995859331620219,1.638949092182039
332,6vmx,6vmx,1,-2.897728257412444,-0.9177635744647447,-1.9799646829476996
333,4mnq,4mnq,1,0.16493545879331412,0.4418761627407493,-0.2769407039474352
334,4mnq,7dzm,0,2.491964328103651,1.3458810677519646,1.1460832603516868
335,7dzm,4mnq,0,1.9487983491929406,1.9487983491929406,0.0
336,7dzm,7dzm,1,0.08791457766954525,0.08791457766954525,0.0
337,4ozf,4ozf,1,-0.930283638540734,0.0,-0.930283638540734
338,4ozf,6cql,0,-0.8658353104041199,0.0,-0.8658353104041199
339,6cql,4ozf,0,1.0198512409874512,0.10513559032618315,0.9147156506612679
340,6cql,6cql,1,-0.3000930068002298,0.4179203489021995,-0.7180133557024293
341,4ozh,4ozh,1,-0.397944985019886,-0.12040250616712245,-0.27754247885276356
342,4ozh,4p5t,0,-0.2667444683038396,0.2246017113587164,-0.491346179662556
343,4p5t,4ozh,0,1.730845445182381,1.5533111905015868,0.17753425468079412
344,4p5t,4p5t,1,-5.726674901619809,-2.061762764687557,-3.6649121369322524
345,4y1a,4y1a,1,0.0,0.0,0.0
346,4y1a,6dfs,0,0.0,0.0,0.0
347,6dfs,4y1a,0,-0.7244562734323944,-1.0441666001384693,0.3197103267060749
348,6dfs,6dfs,1,-0.03956210870663704,0.09229077250170217,-0.1318528812083392
349,5d2l,5d2l,1,-1.6319376964476204,-0.9306815537216535,-0.7012561427259669
350,5d2l,5wlg,0,0.8646750788607529,0.170041411355951,0.6946336675048019
351,5wlg,5d2l,0,1.4753309409901172,-0.11162123772964673,1.586952178719764
352,5wlg,5wlg,1,-3.2093333599114313,-0.3475574396767642,-2.8617759202346673
353,5ivx,5ivx,1,0.23499932459321454,0.6128709683601128,-0.37787164376689825
354,5ivx,8f5a,0,1.0671351931040371,0.42575005870587407,0.641385134398163
355,8f5a,5ivx,0,-0.03143024539731121,1.0103363806949972,-1.0417666260923084
356,8f5a,8f5a,1,-3.5225584873218376,-2.565995802366742,-0.9565626849550957
357,5ksa,5ksa,1,-1.1521707817155933,-0.6024937090342029,-0.5496770726813904
358,5ksa,5ksb,0,0.6484282134001412,0.18640762720301007,0.46202058619713116
359,5ksa,6v0y,0,1.5444242359540796,0.7329589320936638,0.8114653038604159
360,5ksb,5ksa,0,0.4139828790512575,0.15971941938166437,0.2542634596695932
361,5ksb,5ksb,1,-1.0105235951143174,0.34431741601651655,-1.354841011130834
362,5ksb,6v0y,0,0.42656452141021606,-0.22611981640682088,0.6526843378170369
363,6v0y,5ksa,0,0.5850342937852887,-0.051779703017798114,0.6368139968030868
364,6v0y,5ksb,0,-0.17163305366954615,-0.20748495313664253,0.03585189946709638
365,6v0y,6v0y,1,-2.862422514320521,-0.20748495313664253,-2.6549375611838784
366,5m00,5m00,1,0.10335019202351325,0.7270046352631858,-0.6236544432396726
367,5m00,6p64,0,-0.6930529580804998,-1.0450531189560721,0.35200016087557234
368,5m00,8dnt,0,-1.2820594199286681,-0.44137049489626057,-0.8406889250324074
369,5m00,8v4z,0,2.4681378417183746,0.6894161873867328,1.778721654331642
370,5m00,9j4t,0,0.9353529393620577,1.39277873737014,-0.45742579800808225
371,5m00,9j4u,0,0.5748818741469851,0.09682777658194808,0.47805409756503703
372,6p64,5m00,0,0.7794545849529179,0.6851666702052395,0.09428791474767835
373,6p64,6p64,1,-1.6589786593741236,-0.6060656169160961,-1.0529130424580275
374,6p64,8dnt,0,0.5943689356888624,0.5498780052764394,0.04449093041242305
375,6p64,8v4z,0,-0.3339662851812807,-0.48677765741834056,0.1528113722370599
376,6p64,9j4t,0,0.6731127871076941,0.6163167886377423,0.05679599846995175
377,6p64,9j4u,0,4.091864922187636,1.3161466654207585,2.775718256766877
378,8dnt,5m00,0,1.131543864288239,1.8214612639980308,-0.6899173997097917
379,8dnt,6p64,0,1.4193520072474564,0.9236146613821089,0.49573734586534746
380,8dnt,8dnt,1,0.7833215844210306,0.5533985475737517,0.22992303684727894
381,8dnt,8v4z,0,1.6536808097045026,1.0557443750990825,0.5979364346054201
382,8dnt,9j4t,0,0.1598499675402253,0.6385206402647339,-0.4786706727245086
383,8dnt,9j4u,0,-0.5203796420770379,0.12933462470941376,-0.6497142667864516
384,8v4z,5m00,0,-0.3185577969870702,-0.07887997350770291,-0.23967782347936728
385,8v4z,6p64,0,0.2091210501666385,0.7152801358263321,-0.5061590856596936
386,8v4z,8dnt,0,0.19875980636103574,0.704244160275707,-0.5054843539146713
387,8v4z,8v4z,1,-0.3063104231077147,0.15232417629723494,-0.45863459940494966
388,8v4z,9j4t,0,1.3274338375633912,0.3668583013211987,0.9605755362421924
389,8v4z,9j4u,0,0.23771598986255676,0.43778361579579606,-0.2000676259332393
390,9j4t,5m00,0,1.4889772649068058,1.3129452078876729,0.17603205701913294
391,9j4t,6p64,0,1.7179369533399347,1.481968875330751,0.23596807800918373
392,9j4t,8dnt,0,-0.6647726510410863,0.15406540823728604,-0.8188380592783724
393,9j4t,8v4z,0,2.411889014655846,-0.21027171151425253,2.6221607261700983
394,9j4t,9j4t,1,-2.2618628057728136,-1.2114036611017838,-1.0504591446710296
395,9j4t,9j4u,0,1.6047373737777408,-0.42789821312295995,2.032635586900701
396,9j4u,5m00,0,0.4062540749988199,0.764652269949725,-0.35839819495090514
397,9j4u,6p64,0,2.6366230510782227,0.8805001113757085,1.756122939702514
398,9j4u,8dnt,0,1.4202388638671266,0.6024906122752343,0.8177482515918924
399,9j4u,8v4z,0,1.8035955456360007,1.2727148258494623,0.5308807197865384
400,9j4u,9j4t,0,1.3818915555924167,1.3067608199423244,0.07513073565009237
401,9j4u,9j4u,1,-1.8840669263922016,0.3252601601617749,-2.2093270865539765
402,5nme,5nme,1,-0.3748618749419345,-0.17734242019158658,-0.19751945475034793
403,5nme,6vma,0,1.7141963082140341,-0.18126306000867387,1.895459368222708
404,6vma,5nme,0,-0.26760445425910256,-0.2865052237324844,0.018900769473381818
405,6vma,6vma,1,-0.4603010643183473,-0.34945089373746685,-0.11085017058088041
406,5sws,5sws,1,0.0,0.0,0.0
407,5sws,8rlt,0,0.0,0.0,0.0
408,8rlt,5sws,0,0.07594543257662814,0.021585764397345983,0.05435966817928216
409,8rlt,8rlt,1,0.11959064473341285,0.7021065028250673,-0.5825158580916544
410,5swz,5swz,1,0.0,0.0,0.0
411,5swz,6mtm,0,0.0,0.0,0.0
412,5swz,8ryp,0,0.0,0.0,0.0
413,6mtm,5swz,0,1.4071647234999305,0.666411476947474,0.7407532465524564
414,6mtm,6mtm,1,-0.21479199634222423,0.0203338424633287,-0.23512583880555293
415,6mtm,8ryp,0,-0.004993024829232695,-0.6216506165919452,0.6166575917627125
416,8ryp,5swz,0,1.0666231580985945,-0.595155922918565,1.6617790810171595
417,8ryp,6mtm,0,0.16923396904205068,0.2674070794210507,-0.09817311037899999
418,8ryp,8ryp,1,-0.25224981920592027,-0.5553311715677567,0.3030813523618364
419,6l9l,6l9l,1,-0.08695623050793871,-0.05255972421912289,-0.034396506288815826
420,6l9l,8qfy,0,1.1764314918203407,0.47190407265364104,0.7045274191666996
421,8qfy,6l9l,0,-0.3647040981247795,-0.489964283042505,0.1252601849177255
422,8qfy,8qfy,1,1.2369471587046694,0.10036370757335744,1.136583451131312
423,6rp9,6rp9,1,-1.0519642783526504,-0.7154827627143169,-0.3364815156383335
424,6rp9,6vm7,0,3.5712354190195157,1.3272036496125668,2.244031769406949
425,6rp9,7r80,0,-1.2276303735812955,-0.06241851679644123,-1.1652118567848542
426,6vm7,6rp9,0,0.9594780841552727,0.4576667000154181,0.5018113841398546
427,6vm7,6vm7,1,-0.11460019699265134,0.40182283014784603,-0.5164230271404974
428,6vm7,7r80,0,0.21976166212343196,0.4240766613218916,-0.20431499919845963
429,7r80,6rp9,0,0.012744295710733655,0.38254518001993826,-0.3698008843092046
430,7r80,6vm7,0,-0.3452621113685097,-0.5985770582191684,0.2533149468506587
431,7r80,7r80,1,-0.2538402431107203,-0.08445359684371026,-0.16938664626701
432,6vrn,6vrn,1,1.0365772836026854,-1.0341028390082239,2.0706801226109093
433,6vrn,7n2s,0,1.7737608720767044,0.9796130652353854,0.794147806841319
434,6vrn,9ru5,0,2.194652562604637,2.3250451135634127,-0.1303925509587754
435,7n2s,6vrn,0,0.36153479960004664,-0.24670930110361336,0.60824410070366
436,7n2s,7n2s,1,-1.6653326721714896,-0.24670930110361336,-1.4186233710678762
437,7n2s,9ru5,0,-0.9337916426675923,-0.24670930110361336,-0.687082341563979
438,9ru5,6vrn,0,0.6318722354017411,-0.417507002007533,1.049379237409274
439,9ru5,7n2s,0,-0.20012699167758305,0.13930373500028112,-0.33943072667786417
440,9ru5,9ru5,1,-0.9415876697701577,-0.21098245421488562,-0.7306052155552721
441,7n2n,7n2n,1,-2.702132645047707,-0.08611514546398388,-2.616017499583723
442,7n2n,8cx4,0,-1.8354183264869184,-0.13323558141112055,-1.7021827450757978
443,7n2n,9pbg,0,-1.8354183264869184,-0.13323558141112055,-1.7021827450757978
444,8cx4,7n2n,0,-1.660659262204117,-0.35477196061091026,-1.3058873015932067
445,8cx4,8cx4,1,-2.234278139209395,-0.4388933529730153,-1.7953847862363794
446,8cx4,9pbg,0,-2.883573437240491,-1.0881886510041114,-1.7953847862363794
447,9pbg,7n2n,0,-1.7739403193740615,-0.35477196061091026,-1.4191683587631512
448,9pbg,8cx4,0,-2.1210608451003448,-0.43889335297301535,-1.6821674921273295
449,9pbg,9pbg,1,-2.606914086568781,-1.0881886510041114,-1.5187254355646695
450,7nme,7nme,1,-0.4483585909157698,-0.7371350037332323,0.28877641281746247
451,7nme,7pbc,0,1.0689665138552285,0.9719637372655314,0.09700277658969703
452,7pbc,7nme,0,2.828036427263432,-1.4572907287075165,4.285327155970949
453,7pbc,7pbc,1,-0.5089511326791587,0.10501104430368437,-0.613962176982843
454,7ow5,7ow5,1,-0.8130697595775844,-0.0925645416801928,-0.7205052178973916
455,7ow5,7pb2,0,-0.8130697595775844,-0.0925645416801928,-0.7205052178973916
456,7pb2,7ow5,0,-1.2922154484501998,0.248204923756571,-1.5404203722067709
457,7pb2,7pb2,1,-1.2922154484501998,0.248204923756571,-1.5404203722067709
458,8d5q,8d5q,1,-1.3550474148179994,0.6541182100483841,-2.0091656248663834
459,8d5q,8es8,0,0.4566262557363262,-0.20504529790270623,0.6616715536390324
460,8es8,8d5q,0,-1.5544797631874663,-0.2702903297399117,-1.2841894334475545
461,8es8,8es8,1,-0.36871520486512493,-0.1603241959751392,-0.20839100888998574
462,8en8,8en8,1,-1.5054476681138134,-1.2232060729205791,-0.2822415951932342
463,8en8,9rxm,0,-0.7243761609856918,-0.31233540851576336,-0.4120407524699284
464,9rxm,8en8,0,0.16266889510491417,-0.26453733442178445,0.4272062295266986
465,9rxm,9rxm,1,1.332617250430136,-0.06566069800868661,1.3982779484388226
466,9gv6,9gv6,1,-1.7471505938924192,-0.5353143326941767,-1.2118362611982425
467,9gv6,9hlj,0,-2.130962754744523,-1.5171848495673919,-0.6137779051771315
468,9hlj,9gv6,0,1.8644904809089347,1.0235776379382504,0.8409128429706842
469,9hlj,9hlj,1,-1.7731990653754313,-1.3940490647216097,-0.3791500006538216
