residue.aa.from,residue.aa.to,value
L,L,0.4566410591489481
L,F,0.24834401595173283
L,I,-0.7318662336357098
L,M,-0.31654882908453363
L,V,-0.4400298858555549
L,W,0.7633713265714235
L,Y,0.08891627902363072
L,C,0.3484274745087152
L,H,1.0835388541676927
L,A,-0.24164752091141595
L,G,0.1603752430057757
L,P,-0.21118831342670738
L,T,-0.3678421234720842
L,S,0.20532663086804193
L,Q,-0.1505636916102726
L,N,-0.10457857836844914
L,D,0.782063459583576
L,E,0.15461153828902555
L,R,0.9776708530891803
L,K,0.21625570140023215
F,L,-0.1268072041545729
F,F,0.033993216585501425
F,I,-0.1766968736574217
F,M,0.4499296245609613
F,V,0.016293639486100502
F,W,0.02577238344064434
F,Y,-0.24321755599898398
F,C,0.016293639486100502
F,H,-0.3472072695230317
F,A,0.11936582462591468
F,G,0.23370651609132523
F,P,-0.45631077145969245
F,T,0.21631477337945593
F,S,0.27865790395359163
F,Q,0.6159147620352223
F,N,-0.14903034093928305
F,D,0.044464516452796886
F,E,0.5156248838263561
F,R,-0.04761016249337961
F,K,-0.2700288134496409
I,L,0.1143548526623152
I,F,-0.5357749428139392
I,I,1.4225886673126606
I,M,-0.8129857153984249
I,V,-0.9181176335012494
I,W,-0.6085342970963675
I,Y,0.662920804411153
I,C,-0.33033096859913047
I,H,0.4047804110598471
I,A,1.382179128974784
I,G,0.985694196674204
I,P,0.4963476045853375
I,T,-1.1419107463842548
I,S,-0.06796670413163935
I,Q,1.655584515069882
I,N,-0.7833370214762948
I,D,0.10330501647573034
I,E,0.5744653838492896
I,R,0.7043775180894991
I,K,0.6361095469604963
M,L,-0.36521822759957095
M,F,0.08326426559228409
M,I,0.026724855176619336
M,M,0.4992006735677441
M,V,-0.40443894075285236
M,W,0.4805085405555915
M,Y,-0.03979582716494313
M,C,-0.6275824920670621
M,H,-0.58561829296803
M,A,0.391780424946907
M,G,0.2829775650981079
M,P,0.19909608111740598
M,T,-0.13987928572192554
M,S,0.32792895296037433
M,Q,-0.027961369517940333
M,N,0.3057058161756642
M,D,-0.19394650699220123
M,E,-0.12825124772680643
M,R,0.0016608865134030216
M,K,0.3388580234925646
V,L,0.16087486829720815
V,F,0.20389225338089886
V,I,-0.5457943375947113
V,M,0.3321465889045778
V,V,-0.10148939617028303
V,W,0.3134544558924253
V,Y,-0.20684991182810933
V,C,-0.10148939617028303
V,H,-0.4649903051794151
V,A,0.5124084127355217
V,G,0.11592348043494169
V,P,0.7251891770141851
V,T,-0.7123984784932562
V,S,0.16087486829720815
V,Q,-0.1950154541811064
V,N,-0.26681337659566656
V,D,0.3321465889045778
V,E,0.3978418481699727
V,R,0.5277539824101821
V,K,-0.23366116927876607
W,L,0.49083242389722725
W,F,-0.15929737157902715
W,I,0.4127718774276823
W,M,0.4797825877106424
W,V,-0.13617495415817285
W,W,-0.23205672586145548
W,Y,1.039398375646065
W,C,-0.6470005779241637
W,H,0.08811080173481373
W,A,-0.949393500892514
W,G,0.6690245873491708
W,P,0.025527315433046007
W,T,0.24616773652913715
W,S,-0.38463631345667254
W,Q,0.6457677251849034
W,N,-0.40685945024138276
W,D,-0.4365081441635127
W,E,0.5454778469760372
W,R,1.080855089324411
W,K,-0.8592150587061831
Y,L,-0.05943180168180197
Y,F,-0.1987359733920658
Y,I,-0.09493273373255123
Y,M,0.1118399189255677
Y,V,-0.14744267900451527
Y,W,-0.4946388789887038
Y,Y,-0.07048163786838693
Y,C,0.594494665724862
Y,H,-0.17447135139243458
Y,A,0.10978018596255715
Y,G,0.4064424342219225
Y,P,-0.08290415786694416
Y,T,0.47606206849968286
Y,S,0.45139382208418877
Y,Q,-0.02227953605050912
Y,N,0.1414886128476976
Y,D,-0.5813072616343776
Y,E,-0.11014689426081842
Y,R,-0.02902492419004064
Y,K,1.001319393349066
H,L,0.3469771479310688
H,F,0.1023124605629786
H,I,1.1443853388154235
H,M,0.5182488685384384
H,V,0.3077564347777875
H,W,-1.1098811769078143
H,Y,-0.5315732559602393
H,C,-0.6085342970963676
H,H,0.12657708256260983
H,A,-0.28231856064234373
H,G,0.7074908681769668
H,P,0.6236093841962645
H,T,0.28463401735693317
H,S,0.3469771479310688
H,Q,-0.5685289624826684
H,N,-0.36839316941358663
H,D,-0.5803634201296712
H,E,0.2962620553520525
H,R,1.1193213701522071
H,K,-0.33524096209668625
A,L,-0.28517551992603457
A,F,0.009156293438562387
A,I,0.3580819911310618
A,M,0.5792433812412805
A,V,0.08106887502884853
A,W,-0.2867466121580758
A,Y,-0.327477899616724
A,C,-0.14207467628536138
A,H,0.5930367033736162
A,A,-0.13431267094987207
A,G,-0.14780535099434627
A,P,0.27913878879094234
A,T,-0.16519709370621544
A,S,-0.28517551992603457
A,Q,-0.23560073429618475
A,N,0.3857485238492004
A,D,0.9847084893494449
A,E,0.0695744956031135
A,R,0.08170359418693952
A,K,0.41890073116610094
G,L,0.07580618254508031
G,F,0.007597932518546584
G,I,-0.13302459510765954
G,M,-0.26961284006593894
G,V,0.112958448176373
G,W,0.09118464862681236
G,Y,-0.09776258313927963
G,C,0.1617486123458049
G,H,0.20371281144483702
G,A,0.0824992406916643
G,G,-0.18045429898439297
G,P,-0.05302668929788813
G,T,0.49530113886368315
G,S,0.3063298411569126
G,Q,-0.2037111611486604
G,N,-0.22671891939378847
G,D,0.035768809485243025
G,E,-0.07288931839413999
G,R,-0.01993822529005874
G,K,0.43504194734548635
P,L,-0.15312451247194622
P,F,-0.11010712738825539
P,I,0.10528717767972162
P,M,-0.5208492925972635
P,V,-0.2613380971121789
P,W,-0.7626849769236258
P,Y,0.32644856778994
P,C,-0.2613380971121789
P,H,0.4737732825467984
P,A,1.4511720004617354
P,G,-0.19807590033421255
P,P,0.9708055841804533
P,T,-0.4667820713269879
P,S,0.0010261673553121173
P,Q,0.3382830254369429
P,N,-0.4266620775375625
P,D,-0.23316722014548258
P,E,0.2379931472280766
P,R,0.08022320901650516
P,K,0.2996373103392832
T,L,-0.05237460937180311
T,F,0.04193607009943812
T,I,-0.24821819149773186
T,M,-0.286567996872598
T,V,-0.20937835818146786
T,W,0.20556549388124035
T,Y,0.09072623426887011
T,C,0.8892339304866417
T,H,-0.1674141590824358
T,A,0.03679467059901944
T,G,-0.4688895536665525
T,P,-0.01868855171699658
T,T,0.07765415270151739
T,S,-0.10116477354123521
T,Q,0.04193607009943812
T,N,0.2130843262952675
T,D,1.3228699155615025
T,E,0.18459237050096125
T,R,0.3145045047411709
T,K,0.3515970492699943
S,L,0.07959621929714096
S,F,-0.0377290456943475
S,I,-0.13063610028088718
S,M,-0.11014540563281995
S,V,0.13134728434958634
S,W,-0.1288375386449723
S,Y,0.20830832548571485
S,C,0.46781952097079943
S,H,0.5097837200698315
S,A,-0.07096218006178132
S,G,-0.08795749065745771
S,P,-0.17183897463815978
S,T,0.9555227273159359
S,S,0.03703660487834514
S,Q,0.011387969270607413
S,N,0.48481709733937056
S,D,-0.19715678262244962
S,E,0.11985290492385127
S,R,-0.33005345608888126
S,K,-0.17517787590367426
Q,L,-0.24317079315673007
Q,F,-0.0666220154485167
Q,I,-0.07437126169474932
Q,M,0.3981045566963751
Q,V,-0.4542417632366706
Q,W,0.37941242368422273
Q,Y,0.08225160727789782
Q,C,-0.21785298517244012
Q,H,-0.4635708585251889
Q,A,-0.04578792854567469
Q,G,-0.40590521667537977
Q,P,0.24110080788671037
Q,T,-0.017831851279084588
Q,S,0.04451127929505093
Q,Q,1.2572368747305818
Q,N,0.715435323070286
Q,D,0.06163232007516232
Q,E,-0.08624652095750204
Q,R,-0.09943523035796566
Q,K,0.46090545793540566
N,L,-0.027961369517940114
N,F,0.16920669539300884
N,I,0.11266728497734396
N,M,-0.10800407719147667
N,V,0.6623327420595988
N,W,0.7487725271502709
N,Y,0.10330501647573034
N,C,0.5569722264017722
N,H,0.039320637565381754
N,A,-0.08189293318779081
N,G,0.040415927926796574
N,P,-0.04346555605390547
N,T,-0.10800407719147667
N,S,-0.35931850547238275
N,Q,-0.22970101216899652
N,N,-0.013816862131775508
N,D,-0.020992700201846945
N,E,0.07547421773030169
N,R,-0.11306737914802344
N,K,-0.309168721786911
D,L,0.23530746307997774
D,F,0.04193607009943812
D,I,0.5627120247185969
D,M,0.07010694706613456
D,V,0.19608674992669636
D,W,0.20556549388124035
D,Y,-0.19695583818291088
D,C,0.8892339304866417
D,H,-0.1674141590824358
D,A,0.03679467059901944
D,G,-0.04603270284651901
D,P,0.10647459123700927
D,T,-0.3576639185563282
D,S,0.4584510143941876
D,Q,0.04193607009943812
D,N,0.2130843262952675
D,D,0.9174048074533381
D,E,0.5412673144396936
D,R,-0.3786426758187744
D,K,-0.8184742033802603
E,L,-0.34788677124793116
E,F,0.9944135979660205
E,I,-0.04295506546137052
E,M,1.1226679334896994
E,V,0.5067103916208842
E,W,0.41082861991760156
E,Y,-0.10947574780293293
E,C,-0.6972624127050518
E,H,-0.36761614115423885
E,A,-0.08336460379924718
E,G,0.059146964632859844
E,P,0.31173771727337074
E,T,-0.2095592063599155
E,S,-0.14721607578578003
E,Q,-0.21542432581231355
E,N,0.23602589553767436
E,D,1.1226679334896994
E,E,0.49521601219514894
E,R,-0.06801903412458675
E,K,-0.8294341858135349
R,L,-0.006057687533092829
R,F,-0.30788078874113173
R,I,0.9165136463052679
R,M,0.8012027997942733
R,V,0.7730319228275769
R,W,0.49482859433034
R,Y,-0.025475773390194585
R,C,-0.8364059896065233
R,H,0.4095310138184449
R,A,0.2883174430652722
R,G,0.5849796913246375
R,P,-0.2974094888738362
R,T,-0.038547854957547256
R,S,-0.3508981738248225
R,Q,-0.07426593755962652
R,N,-0.23958991798501
R,D,-0.2974094888738362
R,E,-0.8070783745120033
R,R,-0.0640617673853849
R,K,0.640860149719094
K,L,0.24788624528683786
K,F,1.6771979914904191
K,I,0.23436421995486384
K,M,-0.3917722503221212
K,V,0.4963476045853375
K,W,-0.004999275226109339
K,Y,0.5733086457214658
K,C,-0.4199431272888176
K,H,-0.37797892818978546
K,A,-0.09372739083479371
K,G,0.2029348574245715
K,P,-0.10409017787034025
K,T,-0.2199219933954621
K,S,-0.5630439709294909
K,Q,-0.04346555605390547
K,N,-0.17980199960603663
K,D,-0.6794543227739022
K,E,-0.7679097433357657
K,R,-0.07838182116013338
K,K,0.5464973882708092
