residue.aa.from,residue.aa.to,TCRen
L,L,0.10384380546086841
L,F,0.05138391240247398
L,I,-0.7164061427042628
L,M,-0.1800661010694891
L,V,-0.08878007156488966
L,W,0.5427568476365728
L,Y,-0.04653470844496649
L,C,-0.1680899100227734
L,H,1.3825075023883935
L,A,-0.1571608394905831
L,G,0.17568162908005114
L,P,-0.4733096031398819
L,T,-0.26379699397995715
L,S,0.2593541048041662
L,Q,-0.14165665295461796
L,N,-0.013939230195515075
L,D,1.397545379752934
L,E,0.17741173331783383
L,R,0.9305223786453364
L,K,0.20100755391451605
F,L,0.148677255519107
F,F,0.11172154899667791
F,I,-0.35311896152748934
F,M,-0.31755420780520505
F,V,-0.003124626986395826
F,W,-0.2878784396590883
F,Y,-0.13523265101125048
F,C,0.09988709134967512
F,H,-0.42895703791899387
F,A,0.1908588695554018
F,G,0.523701338126036
F,P,-0.4930146742192144
F,T,0.4096451155006558
F,S,0.34500954938266004
F,Q,0.2598517410423532
F,N,0.2540377711769334
F,D,0.27922802000549196
F,E,0.1577066622385012
F,R,-0.18779498110210574
F,K,-0.09063123264845796
I,L,0.3767835961754458
I,F,-0.39414128542718374
I,I,1.6667468483569043
I,M,-1.1110991146808478
I,V,-0.7276766623750869
I,W,-0.1651326146605759
I,Y,0.4983387977532527
I,C,-0.18283219175997678
I,H,0.6746180400912447
I,A,0.31360469455391426
I,G,0.9341292355763293
I,P,0.47702901116650165
I,T,-0.8846750792874761
I,S,0.06229026627300812
I,Q,-0.022867542067298685
I,N,-0.7218286924926639
I,D,0.2841908093476208
I,E,0.5681345596887947
I,R,0.7334585401141781
I,K,0.47394734462909366
M,L,-0.17789391011939432
M,F,-0.03252805984786885
M,I,0.013457053393954548
M,M,0.6368084720183579
M,V,-0.029591200174559202
M,W,0.6664842401644745
M,Y,-0.05633870854158739
M,C,-0.7375096980548169
M,H,-0.9786717548717051
M,A,0.046609260710855006
M,G,0.09176965682970838
M,P,0.21003357732344247
M,T,-0.4277516739038362
M,S,0.6062250486462777
M,Q,-0.24107281174092593
M,N,0.515253270440551
M,D,0.13497841116094517
M,E,0.013457053393954548
M,R,0.17878103381933808
M,K,0.3247349464424178
V,L,0.23139529442717355
V,F,-0.028703963409465294
V,I,-0.47107161808157416
V,M,0.35295049600498035
V,V,0.09201593192022772
V,W,0.38262626415109713
V,Y,-0.4943473643822231
V,C,0.07724461459991527
V,H,-0.6747430659829635
V,A,0.3505379495995966
V,G,0.3469081815490179
V,P,0.3316407094182293
V,T,-0.5292880931232591
V,S,0.034685000181119245
V,Q,-0.3017872364400936
V,N,-0.46175188613277174
V,D,0.5442676157075129
V,E,0.8282113660486868
V,R,0.7058532740222895
V,K,-0.24680510202274064
W,L,0.4595426634265453
W,F,-0.15723153834882597
W,I,0.2942186830011618
W,M,0.7352485448316105
W,V,-0.048934163017689956
W,W,0.07177713241778173
W,Y,1.0229306172833914
W,C,-0.6390696252415644
W,H,0.2183806066096572
W,A,-0.8964045413040534
W,G,0.1902097296429609
W,P,-0.09699145797146932
W,T,-0.0416295286388029
W,S,-0.21162561041462485
W,Q,0.7736579929464817
W,N,-0.07945383730614183
W,D,-0.326197303961225
W,E,0.11189712620720706
W,R,0.6826862147407551
W,K,-0.8295879492396976
Y,L,-0.07885305627275142
Y,F,-0.23785619723802157
Y,I,-0.12591311620440082
Y,M,-0.0491054039480673
Y,V,-0.09834380255896118
Y,W,-0.4071951668107143
Y,Y,0.004961817322208475
Y,C,0.827868224585253
Y,H,-0.2605916926188388
Y,A,-0.0927609088875002
Y,G,0.33539173948745876
Y,P,-0.17049864909180085
Y,T,0.5090175893138595
Y,S,0.5621650588522471
Y,Q,0.2256928222310343
Y,N,-0.05943497041564987
Y,D,-0.31454668674124964
Y,E,0.003298615275605411
Y,R,0.00955790107130161
Y,K,0.7114578727408416
H,L,-0.1329425222571279
H,F,0.19474488480835217
H,I,0.4638735493643853
H,M,1.0872249679887886
H,V,0.015360187687707198
H,W,-0.6748587330931497
H,Y,-0.6175231242496365
H,C,-0.28709320208438616
H,H,-0.12279015079310994
H,A,-0.48380349633044045
H,G,0.13672104469197469
H,P,0.3727680008420922
H,T,0.31034689451837527
H,S,0.36349436405676305
H,Q,-0.3784429806726142
H,N,0.2725225858510364
H,D,-0.33089582474277923
H,E,0.8693386574725498
H,R,1.0346626378979333
H,K,0.0820042618529033
A,L,-0.14770293784024857
A,F,-0.056404308838998926
A,I,0.4491131337812646
A,M,-0.02614773626244169
A,V,0.0005997721045867097
A,W,-0.1971426635784762
A,Y,-0.27127019429542665
A,C,0.10361149044065757
A,H,0.5555966141837148
A,A,-0.15372342562183142
A,G,0.016600113451027805
A,P,0.20385690543171336
A,T,-0.21523914483073586
A,S,-0.16209167529234822
A,Q,-0.3162423551196065
A,N,0.10361149044065757
A,D,0.41648381172099697
A,E,0.08138835365594724
A,R,0.413766418744497
A,K,0.35492591872156365
G,L,0.08891469513834799
G,F,0.014917716935569685
G,I,-0.10615125448577291
G,M,0.03762708387674403
G,V,0.16445805080075496
G,W,-0.10705053512191721
G,Y,-0.21368734440416193
G,C,0.09839343909289167
G,H,0.2626964903841681
G,A,0.22326676897429987
G,G,-0.13703794301501138
G,P,0.040414848869053596
G,T,0.31284128343954765
G,S,0.007043660504663725
G,Q,-0.05749486063290736
G,N,-0.17489989590678956
G,D,-0.1605205631824467
G,E,-0.05350752100035092
G,R,-0.12741322964080168
G,K,0.32772896065502255
P,L,0.36110259061329286
P,F,-0.15031109550425226
P,I,0.19577861018790932
P,M,-0.4618038166497518
P,V,-0.029591200174559202
P,W,-0.9429536722696258
P,Y,0.41366492070414806
P,C,-0.0443625174948716
P,H,-0.28552457431175976
P,A,1.1452215493789646
P,G,-0.13137389448450132
P,P,0.6154986854316068
P,T,-0.4277516739038362
P,S,0.20075994053811327
P,Q,0.26975281202506485
P,N,-0.17789391011939432
P,D,-0.2704866969472193
P,E,0.013457053393954548
P,R,-0.22668407428882625
P,K,0.3247349464424178
T,L,-0.1269947820751418
T,F,0.03275980564848324
T,I,-0.36927980363665375
T,M,-0.18776113729128954
T,V,-0.047684943617257995
T,W,-0.003934689317914673
T,Y,0.37185465064413303
T,C,1.076978022250794
T,H,-0.011481894953297402
T,A,0.06933751178841112
T,G,-0.31836617438901443
T,P,-0.17270327970716567
T,T,0.00044168528188421837
T,S,-0.14423658850964788
T,Q,0.09181036764046975
T,N,0.2502994490663261
T,D,0.4453887346902821
T,E,-0.06917521118631563
T,R,0.45282371317780035
T,K,0.347463197519974
S,L,0.001057803553010086
S,F,0.08723478243420495
S,I,-0.08300321279360758
S,M,-0.306949654556408
S,V,-0.06889305252217272
S,W,-0.06596479274308431
S,Y,0.2118441388587596
S,C,0.6701074325338949
S,H,0.6112669325109613
S,A,-0.1880013439575243
S,G,-0.032089583545968255
S,P,0.07720566696500551
S,T,0.8620824210284922
S,S,-0.2374496193715056
S,Q,0.06793203017967621
S,N,0.6701074325338949
S,D,-0.11563253485387529
S,E,0.16831121548729833
S,R,-0.38304248205745745
S,K,-0.1771904278533088
Q,L,-0.20205615939847416
Q,F,-0.05669030912694855
Q,I,0.015270290518135407
Q,M,0.1818633066468238
Q,V,-0.3220174360483183
Q,W,0.5682140187316728
Q,Y,-0.18970024978565922
Q,C,0.011517940899584907
Q,H,-0.3350046315751295
Q,A,-0.051660960721946585
Q,G,-0.25781499288399956
Q,P,0.11176335589064089
Q,T,0.09813241373635598
Q,S,-0.2541852248334207
Q,Q,0.7310983785276859
Q,N,0.5711337288350076
Q,D,0.2778702465450314
Q,E,-0.03602300386941507
Q,R,-0.01046096581919028
Q,K,0.46762678182650425
N,L,-0.20545868054431393
N,F,0.18984891419614547
N,I,0.1994663832670939
N,M,0.060677749844600615
N,V,0.3975801865154684
N,W,0.7189621774130913
N,Y,0.02788792702160966
N,C,0.7012626003136905
N,H,0.0546354353886379
N,A,-0.05506348186778651
N,G,0.0546354353886379
N,P,0.006578140434858573
N,T,-0.16763437187697494
N,S,-0.35289792578358536
N,Q,-0.283905054296634
N,N,-0.06087745173320619
N,D,0.01560609148290264
N,E,0.15294636763220099
N,R,-0.05642310138382609
N,K,-0.182402904244388
D,L,0.38007849207229844
D,F,-0.08069146122649169
D,I,0.5714294555856473
D,M,0.21395162119832434
D,V,0.3052376507029238
D,W,0.020483838030231297
D,Y,-0.009191930115885491
D,C,0.9190749928049854
D,H,-0.302916317023629
D,A,0.16274891062350838
D,G,-0.16118815719492785
D,P,0.02079157768491419
D,T,-0.4293950596475663
D,S,0.6533718270719797
D,Q,0.02921751799898589
D,N,-0.025386616035866057
D,D,1.0984159214608022
D,E,0.5714294555856473
D,R,-0.4333178166392238
D,K,-0.9090521205939445
E,L,-0.1165933842555984
E,F,1.1273847546840368
E,I,-0.030602936400075973
E,M,1.7967212865502633
E,V,-0.048333381984299734
E,W,0.44010269357648935
E,Y,0.29264388977398936
E,C,-0.27074406408285684
E,H,-0.3295845641057903
E,A,0.10790978657465077
E,G,-0.07007336862070564
E,P,0.8591207680893574
E,T,-0.1841295912460858
E,S,-0.025621606049871737
E,Q,-0.30493542883113617
E,N,-0.5220584923637629
E,D,0.6017440451329052
E,E,0.3260720075386564
E,R,-0.5071328421470871
E,K,-0.7125768163618961
R,L,0.03832919835024161
R,F,-0.1527771879994459
R,I,0.7405057856295812
R,M,0.5165593438667809
R,V,0.004310351501122323
R,W,0.5462351120128975
R,Y,0.15988439992804857
R,C,-1.2144337701451264
R,H,0.8469892660320312
R,A,0.3318252406674425
R,G,0.04562850083185329
R,P,-0.08456893797291211
R,T,0.011614985880009473
R,S,0.1293009765559683
R,Q,0.1495036838734879
R,N,-0.14399235844371291
R,D,-0.6043099253968552
R,E,-0.7758417037385074
R,R,0.2126825854950195
R,K,0.27859379044456284
K,L,0.32601127080202263
K,F,0.9822027448395388
K,I,0.33504067752141686
K,M,-0.14022019252228948
K,V,0.5796744964046842
K,W,-0.1105444243761728
K,Y,0.5529269880376558
K,C,-0.41592607392735476
K,H,-0.6570881307442428
K,A,0.36819288483831736
K,G,0.007888172849006257
K,P,-0.1615299791090406
K,T,-0.3293116010905837
K,S,-0.17080361589436968
K,Q,-0.5072758525155826
K,N,0.8368368945680132
K,D,-0.6420502533797023
K,E,-0.7635716111466927
K,R,0.2126825854950195
K,K,0.6463185705698801
