burial,n_pep_contacted,chain_balance,n_hbond,F_cdr12,F_cdr3a
1955.8964990501772,8,0.4827586206896552,8,-0.51365670882273,0.1550104885858619
1841.1836183484556,6,0.4761904761904761,3,-0.4080316778952664,-0.7113706726173536
1981.782669595501,7,0.2222222222222222,2,0.9230284081085676,-0.6749008902330198
1351.4828620546214,4,0.0,5,-0.173629285550024,0.0
2059.2661568214935,8,0.4166666666666667,4,-2.7008469779133315,-1.731187966584305
1789.338379742032,5,0.4210526315789473,3,-0.040030417018506,-0.6741505257779027
2033.4063505217416,7,0.4347826086956521,2,-2.32615352847192,-1.729298540626984
2014.163793925407,6,0.4444444444444444,5,1.5964393520687936,0.2569223583625658
1771.1509333218455,6,0.4615384615384615,2,-0.2763625267191269,0.3669150181794271
1984.2090723982983,7,0.3333333333333333,4,-0.1414995622737,0.805830488661876
2239.7033549512125,5,0.4,2,-0.4018318017939173,-0.6840923799989858
2016.1926721604175,6,0.4444444444444444,5,1.5964393520687936,0.2569223583625658
1562.179528765446,4,0.2222222222222222,1,0.0,-0.1773404715187544
1510.9137380743014,5,0.3684210526315789,4,-3.04881002727373,-0.5447400287074504
1947.4526142804864,8,0.4642857142857143,4,-0.51365670882273,-0.0459065426331696
1968.009475012881,8,0.4838709677419355,9,-0.51365670882273,-0.2775444483790661
1779.753166927636,8,0.2857142857142857,4,-0.5534782030094016,0.1550104885858618
1846.156571023552,7,0.2941176470588235,4,0.2681453986067775,-0.6382649277711118
1967.7558982202063,8,0.3225806451612903,2,-0.6903093338082681,-0.6130969095433936
2187.771534051153,10,0.4090909090909091,3,-0.3033581347384904,0.9516669631481118
1820.9638756406312,7,0.4444444444444444,10,-1.7333155116263637,-0.693768505331247
2072.52240861615,5,0.4827586206896552,6,-0.138660305673265,-2.469230076699159
2041.7547057420015,6,0.5,6,-0.423260711587638,-2.5864345760362535
1973.4944695913327,6,0.4117647058823529,4,0.5325235953856877,0.2569223583625658
1858.3859241445352,7,0.3636363636363636,3,-0.4596304763784642,0.5740230122689836
1976.2091700687888,6,0.4,5,1.4155471274319438,-1.2209308079284509
1944.0662664265,5,0.4482758620689655,6,-0.7819690896557331,-2.179827385926341
2079.776622513542,5,0.5,6,-0.49736868374136,-2.469230076699159
1872.426644191091,8,0.4761904761904761,6,-0.7042561791757674,-0.5473036650857231
2203.2608047712747,9,0.5,5,0.4782075275102991,0.5157981543998591
2220.33529801173,9,0.5,5,0.4923803017944093,0.8457269847993607
1983.489823609896,7,0.4,1,-0.1414995622737,0.7267181173641709
1934.7083164246576,7,0.3636363636363636,4,-0.1414995622737,0.6824951468062683
2106.86420092138,7,0.1666666666666666,6,-0.3554146755676662,0.1104063881357479
1700.893134331982,7,0.2857142857142857,3,-0.9806566980799922,0.0620760008810818
1471.809215908157,4,0.3571428571428571,6,-0.0025495436223179,-0.1365656676676704
2027.9066155905348,6,0.4666666666666667,6,-0.423260711587638,-0.7178502924057688
2049.51354738414,6,0.4666666666666667,6,-0.423260711587638,-0.7178502924057689
2013.4183945198563,9,0.4545454545454545,3,-0.8326526570327033,0.4549592614350909
1893.9389260812425,5,0.4482758620689655,6,-0.423260711587638,-0.6006457930686749
1955.740939948515,8,0.3333333333333333,4,-0.1414995622737,0.4940508646310347
1463.690247216986,6,0.4210526315789473,4,-3.04881002727373,-0.5686064576270933
1506.356405540893,5,0.3684210526315789,4,-3.04881002727373,-0.5447400287074504
1526.1371420914074,5,0.3684210526315789,3,-3.04881002727373,-0.5447400287074504
2498.6243988059286,2,0.0,1,0.0,0.0
1518.3713261136108,8,0.1739130434782608,8,0.2082751017831061,-1.3653444907959886
1937.068984542835,8,0.4761904761904761,2,-0.517601310863563,0.4246753566713283
2185.4543204426263,8,0.4545454545454545,5,-0.6730800716656078,-0.9552411439602526
1416.8617802198532,7,0.4666666666666667,0,-0.2059088731343088,0.3300671240058373
1781.8187766636693,9,0.45,4,0.0378942535304939,-1.975069075930628
1734.758761721656,7,0.5,4,-0.7042561791757674,-0.4460965025762742
1711.9354932171846,7,0.4705882352941176,6,-0.7042561791757673,-0.4460965025762742
2016.8421775919633,7,0.46875,4,-1.1241196112887009,-0.0237841664602677
1732.1222115032433,6,0.3333333333333333,2,-0.4944791102943414,-0.8758940306813368
1650.0893965220348,5,0.2777777777777778,1,-0.3672173306834143,0.2516649004950574
2048.8914994722472,6,0.1111111111111111,4,-0.9822597950073106,-0.041416103716717
1853.3666392609157,8,0.5,3,-1.2772985211848575,0.4363339626624985
1836.367406014102,8,0.5,6,0.176237903551519,-0.1841588891877755
1945.647580805453,9,0.3571428571428571,6,-1.0725513487923313,0.2813004762574246
2316.37475304251,6,0.4090909090909091,3,-0.320870398603309,-0.6409788283798747
2259.730291834676,7,0.3809523809523809,2,0.302899984178816,-0.6409788283798747
1747.291793754779,7,0.4285714285714285,10,-1.7333155116263637,-0.409168099416874
2654.0968555157597,15,0.5,1,-2.1676120607654816,0.3934723038663474
1840.793093248936,10,0.4444444444444444,10,-0.5591349786170927,-1.1690053012472452
1864.5106726509257,10,0.4571428571428571,8,-0.5591349786170928,-1.1706486869909751
1856.8546239204516,10,0.4444444444444444,8,-0.5591349786170927,-1.1690053012472454
531.4611934555323,5,0.0,3,0.0,0.0
2100.9557447859006,6,0.391304347826087,3,1.125984113164353,-0.5172735215599309
1917.0497759771931,9,0.3928571428571428,3,-0.3635119018609629,-0.5286237373221416
1574.1053663367677,8,0.3076923076923077,2,0.4773887193507319,-1.1760885405858357
1615.787288815096,7,0.3846153846153846,7,-0.0970225566385681,-0.4996873953533669
1941.27914595517,8,0.3181818181818182,4,-0.7637268511901698,-0.3307159928758207
2149.1792925494046,8,0.4583333333333333,7,-1.288232636300862,-0.1269299725043194
2146.7938184156665,7,0.4117647058823529,3,-0.763667740713027,0.1583071733893945
1661.5020612165026,8,0.3076923076923077,2,-0.5876796078774243,-0.157213877268082
1844.3797490504876,6,0.238095238095238,2,0.251016571493662,-0.1668735651942989
1933.667443946648,8,0.375,5,-0.7229995850363942,-0.4029637495598508
2585.574924696819,9,0.46875,9,-0.2596610338899355,-0.1133245898834161
2459.4106371799426,9,0.4545454545454545,10,-0.2596610338899355,-0.6468504597946076
2451.362178394338,9,0.4838709677419355,7,-1.4760563582144297,-0.3033170442790494
1539.6302574055444,6,0.4666666666666667,3,-0.276668344457147,-1.2156618173649691
1538.7164183683235,5,0.3333333333333333,0,0.0289180900174304,0.1340388166884158
1994.11340819452,6,0.4705882352941176,3,-0.5635879779706758,0.8954010837977151
2224.307867054871,14,0.3125,4,-0.8688056061358238,-0.5286237373221416
1327.8069527377556,4,0.0,2,-0.2628334549528049,0.161071122671832
1607.8225723232863,6,0.4444444444444444,5,-0.6721684782634118,-0.9273794887029748
1597.1659130511616,6,0.3703703703703703,3,0.0957342738714773,-0.8546738289993884
2147.3663422608806,7,0.3461538461538461,4,-1.1794180851382985,2.0462152815928594
1264.6418269507012,7,0.4117647058823529,4,-0.1484654787908288,-0.4571264017384782
1370.381200626918,7,0.35,5,0.1105956373497821,1.033680227414966
1860.9064993286377,8,0.3333333333333333,1,0.0203247524485357,0.41108344884649
1856.7599488842025,9,0.4827586206896552,3,-0.5503914238146362,-0.4932941186472773
1934.4130192816156,8,0.5,3,-0.1723823178223109,0.3172699243099762
2272.5707475582894,7,0.2307692307692307,3,2.7878420017655468,-0.0078473263277599
2097.0178212263563,7,0.2307692307692307,4,2.4899862496136356,-0.0460685391479573
2034.3837502617023,8,0.4,3,-0.744861611330674,-1.518605991939948
1823.296030663856,7,0.25,5,-0.978946491969491,0.0
1763.5638488331751,9,0.3846153846153846,5,-0.9861510416007874,-0.157213877268082
2037.6416321088873,8,0.4642857142857143,8,-0.51365670882273,0.1550104885858619
1775.1926174033288,7,0.4814814814814814,2,-0.2847209768571149,-1.4100069409608664
1727.12319617534,6,0.4545454545454545,1,-0.4583781330380089,-0.987095920603851
1657.2068883069442,6,0.4375,4,-0.59397423795731,-1.0070342778595127
1737.9400766728213,7,0.3076923076923077,2,-1.1858116022819751,-0.7390578675762945
2092.354240029461,8,0.3846153846153846,2,0.0888361561450876,0.4227072051912755
2321.419220932752,9,0.3333333333333333,6,-0.8138808427220396,0.139293636279648
2388.0166497909304,9,0.3333333333333333,6,-1.0725513487923313,0.0302839047637626
2336.305582323581,9,0.3571428571428571,7,-1.0394628847845018,0.0302839047637626
1726.7478135523306,7,0.4444444444444444,10,-1.697857258858786,-0.6937685053312471
1953.981585230507,7,0.0,7,0.0,0.0
2247.677961176716,9,0.4583333333333333,3,-1.4403587807274465,-0.1269299725043194
1651.8727027421082,7,0.4166666666666667,1,0.3672873464466196,-1.1800074726758767
2166.9411913950935,8,0.5,3,-0.2008191422725819,0.2256173676802588
2496.810694535263,8,0.3703703703703703,4,-0.0879746876425119,0.5086463624574317
1502.2645690742538,4,0.0909090909090909,0,-0.1016359601065989,0.0
1604.244687848477,4,0.125,2,-0.7137924461867701,-0.229675253177425
1552.3098007540284,5,0.1666666666666666,3,-0.5466070703420174,0.161071122671832
1510.9363952406493,7,0.25,1,-0.7946895700034794,0.1492246086249906
1728.99660327303,8,0.5,4,-0.3597623182147428,1.3249182790122336
1458.1254059195635,7,0.0,3,-0.3705446417380027,-1.272542235705958
1695.3326535650704,5,0.0769230769230769,2,-0.4691698591224429,0.0
2075.611096849432,5,0.2307692307692307,2,-0.470813244866173,-0.236054412177114
2040.1819867604609,6,0.2666666666666666,4,-0.5087195152604249,-0.236054412177114
2040.1300876497623,8,0.5,0,0.1213407265923774,-0.1561880659034331
1565.588697148487,6,0.4444444444444444,4,-0.276668344457147,-0.9947246306113092
2189.8698791827046,9,0.48,5,-0.857181605253275,-0.6237155818167711
2074.783651609938,8,0.44,7,-0.0032391086644519,0.5670694874992308
1942.9931989069592,9,0.4615384615384615,4,-0.6245016568970616,0.279696530338634
1524.2766029571576,6,0.4285714285714285,2,-0.276668344457147,-1.2156618173649691
1873.564315421976,8,0.3684210526315789,4,-0.3687735306048213,-1.1625062440170844
1967.5968833664735,7,0.3809523809523809,3,-1.020482136981822,-1.418714693210073
1982.782512873477,10,0.4444444444444444,8,0.6660136687684011,-1.2420032881827403
2054.7455934884674,9,0.4444444444444444,10,1.0193139468486692,-0.9474725550641824
1887.076858345368,10,0.4324324324324324,9,0.7521831510918786,-1.149454444946071
2018.6873983201983,9,0.3846153846153846,6,-0.8890095355931478,0.2813004762574246
2156.560489621701,7,0.4210526315789473,0,-0.220542769614152,-2.321182587300839
1433.0560368979131,8,0.0714285714285714,1,-0.5804188154398296,0.208833475139749
1293.810999518082,6,0.0,0,-0.3692389974254143,0.0
1863.5391288395767,8,0.4761904761904761,5,-1.1170023822368114,-0.6135843552898043
1825.7043253265472,8,0.3636363636363636,6,-1.050847677819852,-0.7491102852793573
2293.344441015717,12,0.3703703703703703,4,-1.3138264806147024,-1.2767298071576894
2119.4484911801483,9,0.3181818181818182,4,-0.3195874166561905,1.4745388115787146
1793.1999374672123,7,0.4666666666666667,2,-0.4532712517023136,-0.820986548262071
1926.2771865210707,6,0.4705882352941176,3,-0.3322234160953187,-1.050661801439496
1651.1140458154114,9,0.4090909090909091,5,0.3569927570260421,-0.39078403810139
1528.1625143088531,8,0.3333333333333333,4,0.1622008070876296,-1.091009543372934
1480.2863010289766,8,0.35,5,-0.2899650410645288,-0.2517876060458088
1352.470025864655,7,0.4444444444444444,6,0.0589686475704891,-0.6165211143854752
1658.8670817943091,9,0.45,4,-0.7566530230513143,-1.0146137745390758
1650.253764649573,9,0.4761904761904761,5,-0.3107132358596133,-1.0146137745390758
1819.7548274247963,8,0.375,3,-1.0912093760206072,-0.5338782286076047
1857.4235789163577,5,0.3809523809523809,3,-0.324507718359375,0.613326492532245
2067.223446588301,8,0.375,3,0.8485445740676999,-0.287365726278132
1388.8853698521343,7,0.4117647058823529,2,-0.650470188690036,0.1364812454699577
1729.1646784799086,7,0.3846153846153846,4,-0.2587127964024532,0.145104679092316
1734.0429686851312,7,0.4,6,-3.04881002727373,-0.2469247567196215
1440.5725109499144,5,0.35,5,-3.185680321163767,-0.3595956182230875
1505.669552855947,5,0.3157894736842105,4,-2.659661566065806,0.1300775233754198
1573.391923211544,7,0.4210526315789473,7,-0.2697993714699338,-0.4920875708958773
1915.691326181026,8,0.4137931034482758,1,-3.085866132347907,0.0775559015171152
1950.6964092263736,8,0.3636363636363636,2,-0.0699771709562769,0.4664870701017004
2066.976743600342,7,0.4642857142857143,0,-3.222264391809731,-0.9671586233250864
2191.883325914394,9,0.303030303030303,0,-0.7162457601663641,1.6241629950367558
2188.390729396757,9,0.4545454545454545,6,-0.7218155103620472,-0.6019708243526978
1793.274292682163,6,0.4444444444444444,8,-0.5419963964983003,-0.7430581618271269
1986.7673089953023,7,0.4166666666666667,9,-0.5457938717768435,0.2774212534448078
1570.6617912309955,7,0.3846153846153846,2,0.0,0.7570676644928851
1652.4298704824323,7,0.3571428571428571,3,0.0,0.7570676644928851
1674.6266425799731,7,0.3181818181818182,5,0.158901282585856,0.5947347789668825
2281.883559157108,8,0.36,6,1.168248463981879,0.9749510512489
1768.3035194042604,9,0.4642857142857143,3,-2.7003771951001583,-0.4761300241273828
2061.9998953504437,9,0.4583333333333333,8,0.4508790435117883,0.4572726745037428
2013.665876622752,8,0.44,8,1.0812864956586814,0.9288871088806248
1969.356640208247,8,0.391304347826087,8,0.4164776167944559,0.7854363264756633
1757.3276994513508,9,0.48,2,-2.7003771951001583,-0.4071371526404315
1866.841068382193,6,0.0,2,-3.4386879259523773,0.0
1878.4590424398991,6,0.0,2,-3.5181520973066247,0.0
1695.470255323351,6,0.4117647058823529,2,-0.5480655161451474,-0.8413330951370633
1653.7140655944822,7,0.3636363636363636,3,0.171323802584413,0.6170766887458791
1644.8487675863323,6,0.2857142857142857,5,0.171323802584413,0.7610793812376966
2109.428532207996,6,0.2777777777777778,4,0.0,-1.059848577887683
2087.8870586389603,6,0.25,4,-0.166869171651459,-0.7415459966020006
1764.7689889080066,6,0.1739130434782608,3,0.117796866400645,-0.5402317402773803
1800.816414696612,6,0.1818181818181818,4,0.226635646434796,-0.5402317402773803
2092.7694957464846,5,0.1333333333333333,2,-1.865806120010279,-0.486125169692763
965.3459390908685,4,0.0,1,-0.032552757771371,0.0
531.4611934556779,5,0.0,3,0.0,0.0
2166.6524287648317,10,0.2962962962962963,4,-0.3841947622973445,1.398799686984233
2022.3235153566384,9,0.2962962962962963,5,0.1683505714353516,1.6241629950367558
2007.7506723463305,9,0.4090909090909091,3,-0.2992159409425224,0.0302839047637626
1689.9622517201678,8,0.4782608695652174,4,1.2180333827798089,-0.6755948582563938
1544.8617882890176,8,0.3684210526315789,0,-0.4755637168248505,0.8364844924519521
2311.739496444952,10,0.2884615384615384,8,-0.535495945657983,-0.7750458102533094
2909.369643220096,6,0.0952380952380952,5,-0.374693449441411,0.5149497443173534
2082.593349353927,5,0.3888888888888889,4,-0.7606196554720299,1.0116176635306409
909.7695816861597,4,0.0,2,-0.032552757771371,0.0
901.9272490776202,4,0.0,2,-0.065105515542742,0.0
1803.2107858206437,9,0.4516129032258064,9,1.5237979647473716,0.1684000296578196
1742.7714817492524,9,0.4375,9,1.5237979647473714,0.1684000296578196
1762.091233560026,9,0.4827586206896552,9,1.5118278276855064,0.1684000296578196
1943.266366671396,8,0.4666666666666667,9,1.9443827646504344,-0.0329039780484253
2136.0358364973727,8,0.3333333333333333,4,-0.976263224670457,0.0302839047637626
1560.1829335365692,6,0.2222222222222222,3,0.6519285251654979,0.954047788067592
1848.5462800240855,9,0.3809523809523809,2,-0.0924131456950499,-0.1857598049099234
2162.512978319777,11,0.36,3,-0.845754814367571,-0.0222123428890753
2144.979272198132,9,0.4347826086956521,6,-0.6115771573461996,0.0302839047637626
1906.8394616229853,8,0.2962962962962963,3,-0.7274934731540967,0.2813004762574246
2234.5721288382083,8,0.2608695652173913,5,-0.7274934731540967,0.0
1568.8686455424322,7,0.4117647058823529,2,0.171323802584413,0.8452446336652518
1702.9447576974562,6,0.391304347826087,8,-0.7033669750025283,0.0332166677565664
1489.7039412911618,7,0.3333333333333333,5,-0.299516530098784,0.0021719826268231
1555.1657849362018,9,0.35,0,-0.2878454844956125,-0.2400648327421823
1478.327241549181,7,0.3333333333333333,6,-0.299516530098784,0.0021719826268231
1482.5255151749298,7,0.3333333333333333,4,-0.299516530098784,-0.1621310686644528
1509.825955334687,7,0.3333333333333333,5,-0.299516530098784,-0.2373079880070798
1486.378075378867,7,0.3333333333333333,6,-0.299516530098784,0.1772069556210028
1762.3708353061884,6,0.4666666666666667,3,0.5529928104949942,0.0129302171266993
1665.521414857496,6,0.4615384615384615,1,-0.3381254999380909,-0.7778939391006447
2005.2638001679843,11,0.4,1,-0.5514615390261359,-0.476735584156652
1818.1914955220784,6,0.3125,3,0.0,1.031309705568145
2130.7397019027594,6,0.4814814814814814,6,-0.340412667006157,-2.2970318852634355
1952.8566688657083,7,0.4782608695652174,3,-0.6822054097475174,-3.0574364114557344
2470.5788859660897,8,0.4615384615384615,6,-0.1251083984708749,-2.4451050997603367
1297.5647377833666,4,0.2608695652173913,3,-0.49148553006648,-0.6506275227393123
2184.9116165947416,7,0.4827586206896552,4,0.169654866363223,-0.59460140009537
1796.424845157766,6,0.48,6,-0.446874681745245,-1.4978641155414991
2191.3957884336487,7,0.391304347826087,5,-0.061351203807057,-0.1715618124142572
2271.4844476506696,9,0.3571428571428571,6,-0.6251506621146428,0.0302839047637626
1766.9964786301937,6,0.35,4,-0.0338057708222007,-0.0218956306468846
2160.914900402393,7,0.3333333333333333,0,0.039737229992727,-0.4758551315142789
1822.648397621415,5,0.0714285714285714,1,-0.4691698591224429,0.0
1755.6263259673142,7,0.4375,3,-0.703811067064895,-0.7778939391006447
1836.2931136309128,5,0.25,1,0.051697403850361,-0.7156795433420462
1396.6367722026189,5,0.3125,2,0.0516320417199985,0.3673301533736459
1968.6307438095173,8,0.25,1,-0.2833408141060348,-0.121108872625965
1640.7153364327824,7,0.2941176470588235,1,-0.5118299266949843,-0.405170127260263
1570.4235579767485,6,0.1428571428571428,1,-0.525750079951848,0.1317741464464309
1982.0713568275312,9,0.4347826086956521,3,1.0345910243987688,-0.6503812290926994
1902.245498119053,8,0.25,1,-0.6637358229257508,0.2982767913519394
1854.9649308064763,8,0.25,2,-0.5118299266949843,-0.1342781456129886
1798.107859174197,5,0.2272727272727272,3,0.0445698813732294,0.1011855028160615
1811.925337646964,5,0.2272727272727272,2,0.0445698813732294,0.1011855028160615
1712.9988720647889,7,0.4736842105263157,3,1.2433757610660423,0.1981183507546969
1749.5315859538314,7,0.4736842105263157,3,1.2433757610660423,-0.0987412395864698
1773.4017713607243,5,0.5,4,-0.1897481047795242,-1.0219151693030857
1430.8297786797484,7,0.4347826086956521,8,-1.5551091677617683,0.1241080777964582
1561.7820795955122,5,0.2727272727272727,6,-0.3119283303937439,-0.4653562694506029
1717.5514168111258,6,0.2916666666666667,8,-0.8341506544172603,-1.114720306942574
2327.187260442799,15,0.3658536585365853,8,0.022737840825365,0.142608481917762
2063.895582622841,13,0.4074074074074074,5,0.8516805409435608,0.388469059516204
2010.1769243525775,11,0.4761904761904761,4,-0.3877924051118983,-0.889936168367381
1618.4502032791424,5,0.3125,4,0.3286492422003491,0.4862552641796268
1976.8099054159393,5,0.3333333333333333,4,0.432210965133656,0.4862552641796268
1547.5047850555638,5,0.3846153846153846,2,-0.0573721062525499,0.0768505580673818
1692.3282102803569,5,0.3333333333333333,4,1.265576282119261,0.4862552641796268
1789.993942164081,3,0.0,2,-0.039549656137982,0.0
1387.233809461257,5,0.5,5,-0.9625173487266722,0.1229543558993207
1372.0170907533538,5,0.5,4,-0.9625173487266722,0.1229543558993207
1833.6847749143417,6,0.0,2,-3.5181520973066247,0.0
1504.027492641384,5,0.0588235294117647,1,0.0665280932267938,0.0
1626.316663319114,6,0.4482758620689655,6,-0.6063869623807896,-1.718221347427575
1839.856044124921,7,0.4444444444444444,6,-0.2268237071843424,-1.4189658805842047
1791.6005903462285,5,0.375,1,-0.3321569803331949,-0.20540336425318
1840.260178603683,6,0.5,1,-1.5316045126828737,-0.7012015545810547
1721.491426387911,7,0.3636363636363636,2,-1.7123974752686315,-0.315444869429137
1732.6008645595648,7,0.3636363636363636,2,-1.6529384053619784,-0.315444869429137
1605.1264323751966,5,0.2777777777777778,2,-0.4534908730122999,0.0
2055.0845462030848,6,0.3684210526315789,3,-0.3321569803331949,-0.3053048820616975
1635.4548526317883,7,0.3846153846153846,8,-0.0970225566385681,-0.4996873953533669
1580.6116549878134,7,0.3703703703703703,8,1.1323201376487022,-0.9797717318467072
1651.0623477665868,7,0.4074074074074074,7,-0.097022556638568,-0.3829242475977288
2035.6559821890112,8,0.4375,6,0.5409847164198687,-0.6279541877296215
1505.1265348488305,6,0.4705882352941176,3,-0.840978448706312,0.4926747562299986
2011.2245198388991,8,0.2857142857142857,1,0.0,-0.6577216763307318
1837.4026236251884,5,0.4444444444444444,5,0.7583241146152055,-1.2209308079284509
1902.6667228621152,8,0.3076923076923077,1,0.0,-0.6577216763307318
2187.147689148369,6,0.4814814814814814,6,-2.410378540533157,-0.6216524803302808
2165.85203892117,6,0.44,7,-2.317965394838107,-0.6721946192286818
2163.6309329151263,6,0.4814814814814814,6,-1.9642513517823876,-0.5762576766335473
1648.733711327157,6,0.35,3,-0.0634296632738514,-0.103561722933307
1634.3476297168745,6,0.3333333333333333,3,-0.6271387848002734,-0.103561722933307
1586.7958801263012,6,0.3333333333333333,2,-0.1189980363292889,0.276833285886409
2017.001770498755,7,0.4705882352941176,0,-1.427912522588718,-0.2175030501731869
1943.8056901653763,7,0.4838709677419355,10,-0.1092844938570286,-0.6144599744433072
2093.394132330548,6,0.4571428571428571,0,-2.045493792362254,-0.2175030501731869
2131.971796842452,7,0.3043478260869565,1,-0.1721839629439615,-0.6382963180203272
2009.5506541404104,9,0.4285714285714285,6,-0.4191816094873042,-0.0462099324814136
1974.212901565661,9,0.3846153846153846,5,-1.162814641138506,0.2813004762574246
2190.2928255184015,10,0.3793103448275862,5,-0.5051431103517103,-0.32098927046955
2047.83979478282,7,0.4848484848484848,1,-1.3645060430739837,-0.2175030501731867
1970.6987160232163,5,0.3684210526315789,5,-2.3235769504963875,0.020066238335078
2286.250837901156,10,0.3461538461538461,8,-0.444657618622908,-1.4826359650155778
1729.65447790725,8,0.36,5,-0.1567386742522972,0.2275181637779599
1554.508237027287,5,0.2105263157894736,2,0.3779125363213446,1.694846984989827
1803.3752167801213,7,0.4814814814814814,4,-0.1460416279429272,-1.4306369261873764
1937.6281503359205,8,0.2608695652173913,2,-0.39181917570397,-0.406161131654334
2288.175716852842,9,0.2857142857142857,1,0.2039828689823046,-0.8346433185432438
2239.121695354377,11,0.2727272727272727,0,0.1554518419234112,-0.5879610025888988
1864.9064253605463,10,0.5,4,0.3167011904627357,0.7475047524714384
2257.0389271074528,9,0.4782608695652174,4,-0.1016788970692692,-0.2700812545159599
1691.0023576496533,7,0.3125,6,0.0791403626723919,0.638657094571141
2005.057837353459,8,0.4347826086956521,4,-1.2668745880081116,0.3267911806741258
1619.857573956273,7,0.5,2,-1.5316045126828737,-0.6169165889861058
1567.4633357503626,7,0.28,9,-0.7134887012832529,0.817528965367128
1904.7573522420644,8,0.3928571428571428,7,0.1171355850115187,0.3180419947849846
1945.0269403271088,6,0.1538461538461538,4,1.5470409545524308,-1.120241152625618
2036.5078061874592,5,0.2,5,1.5077863738912,-1.055964720337667
1957.778061722267,5,0.16,4,1.385241033479273,-1.120241152625618
1410.8949532928964,5,0.1428571428571428,2,-0.1927363748255797,-0.293951685465376
1717.4070920445156,4,0.2666666666666666,2,-0.586761210915874,0.0348486339158772
1882.782854107958,8,0.3703703703703703,7,0.9863211514191516,-2.741463734539821
2191.889156710211,8,0.4,6,0.0145958135747521,-0.4830563071671719
2084.6776452830527,8,0.36,5,0.3126192398212662,-0.3225196155137699
2020.0633279378671,7,0.4705882352941176,2,-0.3414316976412594,-0.1807878275749696
2020.7995664592163,6,0.4666666666666667,2,-0.277459460000332,-0.5133090318326822
1994.0732209412308,6,0.4705882352941176,1,-0.2774594600003319,-0.4163538988877366
1999.883294961146,8,0.2,3,0.5638465082417071,0.0466566655167979
1844.0604375730836,5,0.3846153846153846,2,0.808113619936933,-0.7884773269482601
2034.46467768836,8,0.3846153846153846,4,-0.9687024427666238,-3.0574364114557344
1932.8368194153736,5,0.3333333333333333,1,0.0,0.611721765654843
1506.379138105418,6,0.4210526315789473,4,-0.6160608537017471,0.1895725050163465
1922.883198313568,7,0.3888888888888889,2,0.8196231452588022,0.760955856168581
2078.780398350158,8,0.36,0,0.1350622858916102,0.6833696196385343
2073.294888550561,8,0.3461538461538461,0,-0.0775331980658197,0.8056591973968086
1807.0068350556903,6,0.04,3,0.3293585607398724,-0.157213877268082
1433.8261543546469,5,0.375,3,0.138475059945009,-0.567740381340791
1528.461015876368,5,0.4,3,0.2130639169360816,-0.567740381340791
1729.6387196784344,6,0.3333333333333333,3,0.5245608535936778,-0.567740381340791
1613.6180190877276,6,0.4347826086956521,7,0.429481386818884,-0.7204729611262148
1859.503338385839,8,0.5,6,0.429481386818884,0.2219441649347704
1853.01681663566,4,0.1,1,0.728493943831428,0.0
1855.803849142227,7,0.3125,4,1.5330244470048031,-0.4722987715629054
1623.7039389391575,8,0.4285714285714285,1,-1.2096648742376384,0.4440275864706341
2000.981331858966,8,0.4210526315789473,1,-0.9522988350989424,0.4403358250204369
1880.9464047064175,7,0.3478260869565217,5,0.0361207588638751,-0.1171021239222548
1864.569784858133,7,0.3636363636363636,5,0.074729052721844,0.192525953309366
1956.066057088865,7,0.35,5,-0.368234620393599,-0.5265068300344998
2193.978831046108,10,0.5,3,-0.674418355748367,-0.5312277902992859
2079.326708746252,12,0.4615384615384615,6,-1.084914494263692,-0.5312277902992859
2320.7347307252494,12,0.2962962962962963,8,-0.5844173367125045,-1.1759905275434364
2347.5075466819253,12,0.3448275862068966,8,-1.8434095554479648,-1.175990527543436
1978.226261047901,8,0.391304347826087,5,-0.8810048092060186,1.549428510503413
1682.169480877339,5,0.0,3,0.380395008819716,0.0
1724.8872618517926,5,0.0,3,0.380395008819716,0.0
1635.499978468557,6,0.4782608695652174,5,-0.708473999396797,-0.3425629053363958
1297.529124689132,6,0.0,2,-0.5402217788236705,0.0
1250.3481584299698,6,0.0,2,0.1233643059141186,0.0
1950.224366080547,9,0.2916666666666667,8,-0.2334981157703516,0.3898191305224673
2451.4116019299545,9,0.4827586206896552,5,0.187710505421167,-0.922733389012388
1694.464329921917,6,0.4583333333333333,8,-1.6443108039847516,0.0755378706093127
2065.9830327111267,6,0.1666666666666666,2,-0.2691967993795657,0.0
2053.333095732276,8,0.2727272727272727,5,-0.1911309042695574,-1.6782053411441766
1856.756229238432,6,0.2,1,0.0302839047637626,0.213525837168257
1307.384753232829,5,0.3684210526315789,1,1.2335603654823886,-1.2849169475326938
1685.5104641334474,8,0.3846153846153846,7,-0.9594666900421376,-0.1117021392963593
1873.4742145445416,6,0.48,5,0.29386914299634,-0.200517048279639
1656.9591674428084,7,0.5,4,-0.8883275653884661,1.7017900008532705
1919.3248671113688,8,0.4333333333333333,4,-0.51365670882273,0.3819563258498099
1765.7749143091496,5,0.4444444444444444,4,-0.1276757992043894,0.5771119003288046
1790.2719982466588,8,0.45,5,-0.1295410476245329,-0.999416615722256
2050.676074895898,8,0.5,4,-0.3855674942405622,-0.999416615722256
1975.8202911637056,8,0.4782608695652174,5,-0.3325596941269263,-1.0918297614173058
2104.7189706609643,8,0.5,5,0.2936767811503921,-0.999416615722256
1999.4033224355296,8,0.4782608695652174,5,-0.3325596941269263,-1.0918297614173058
1811.8455914591032,7,0.4583333333333333,2,-1.5316045126828737,-0.9206691314704958
1779.7676308200244,6,0.4583333333333333,2,-0.0310213548346049,0.5238389668815192
1946.7546906229763,6,0.3636363636363636,3,-0.0853381246651965,-0.2142631438087765
1611.4559373244483,4,0.0714285714285714,1,0.0,0.0
1774.5739498450966,5,0.3157894736842105,2,0.0,-0.573572948456321
1818.6783669850704,5,0.1724137931034483,4,-0.4032468941014547,-0.973970571346444
