complex.id,burial,n_pep_contacted,chain_balance,n_hbond,D2_pep24,fp_b0_frac_r7,H_cell,L_canon,ab_imb,neg_energy,log_z,log_lik,mu_star,n_contacts
1ao7,1994.722714,8.000000,0.482759,8.000000,7.778571,0.035714,0.782058,0.332003,0.151515,26.360560,57.188960,-30.868657,0.484602,29.000000
1bd2,1828.035802,6.000000,0.476190,3.000000,7.281385,0.074074,0.779656,1.581464,0.413793,15.196773,43.559905,-28.324661,-0.194728,21.000000
1d9k,1975.740294,7.000000,0.222222,2.000000,8.281369,0.153846,0.845963,0.673577,0.363636,13.917939,34.704760,-20.756703,-0.069780,18.000000
1fo0,1321.085364,4.000000,0.000000,5.000000,4.281553,0.130435,0.585679,2.390596,1.000000,11.805053,24.652819,-12.865685,0.150460,11.000000
1fyt,2078.025712,8.000000,0.416667,4.000000,9.757506,0.103448,0.902093,0.703759,-0.138462,8.709439,43.253348,-34.532911,0.026398,23.000000
1g6r,1776.226428,5.000000,0.421053,3.000000,9.209836,0.080000,0.896550,1.237162,-0.169811,-0.522877,25.788280,-26.283346,0.347702,19.000000
1j8h,2083.753942,7.000000,0.434783,2.000000,9.947368,0.111111,0.903647,0.870555,-0.142857,8.022385,46.329773,-38.319330,-0.118828,22.000000
1jtr,2015.069327,6.000000,0.444444,5.000000,9.890110,0.034483,0.924382,0.796331,-0.066667,5.982420,28.444537,-22.476718,0.247577,18.000000
1kj2,1758.839786,6.000000,0.461538,2.000000,8.183879,0.033333,0.878924,1.187560,-0.052632,7.286958,28.852646,-21.536964,-0.574309,13.000000
1lp9,1988.820930,7.000000,0.333333,4.000000,8.197605,0.034483,0.820376,2.908721,0.270270,31.783731,61.906182,-30.053182,-0.240234,24.000000
1mi5,2230.638893,5.000000,0.400000,2.000000,7.282569,0.076923,0.824274,1.526056,0.206349,3.313195,47.484642,-44.127423,-0.786495,15.000000
1mwa,2011.560482,6.000000,0.444444,5.000000,9.890110,0.034483,0.924382,0.796331,-0.066667,5.982420,28.461742,-22.469132,0.248197,18.000000
1nam,1576.056610,4.000000,0.000000,1.000000,3.231494,0.125000,0.510515,2.649639,1.000000,11.339281,22.415683,-11.078898,-0.584798,9.000000
1oga,1497.383012,5.000000,0.368421,4.000000,6.720930,0.100000,0.816033,0.974510,-0.411765,32.184823,54.784468,-22.587760,-0.731652,19.000000
1qrn,1964.698978,8.000000,0.464286,4.000000,7.956685,0.076923,0.789400,0.397507,0.200000,21.344014,57.216530,-35.885290,0.275635,28.000000
1qse,1946.878155,8.000000,0.483871,9.000000,8.291498,0.080000,0.787267,0.720668,0.218750,17.578326,54.508272,-36.943346,0.526415,31.000000
1qsf,1811.719149,8.000000,0.285714,4.000000,7.192661,0.080000,0.770274,0.379661,0.464286,19.693493,42.244018,-22.539191,0.016754,21.000000
1u3h,1853.836370,7.000000,0.294118,4.000000,7.822472,0.066667,0.832447,1.140483,0.254237,15.862883,36.342449,-20.450113,-0.379772,17.000000
1ymm,1974.640812,8.000000,0.322581,2.000000,8.176685,0.083333,0.803930,2.275389,-0.074627,34.154834,77.588105,-43.413723,-0.120650,31.000000
1zgl,2179.381132,10.000000,0.409091,3.000000,8.535484,0.031250,0.879924,0.369533,-0.142857,16.170520,55.946041,-39.761462,-0.740556,22.000000
2ak4,1861.924539,7.000000,0.444444,10.000000,8.050710,0.142857,0.787847,-0.222062,0.142857,82.195018,120.428138,-38.279284,-0.590592,36.000000
2bnq,2088.211233,5.000000,0.482759,6.000000,8.055749,0.100000,0.846309,2.058455,0.058824,28.340572,62.267159,-33.931500,0.068044,29.000000
2bnr,2050.422486,6.000000,0.500000,6.000000,8.626761,0.173913,0.847505,1.821503,0.000000,25.235688,63.443433,-38.224527,0.408638,32.000000
2ckb,1971.996608,6.000000,0.411765,4.000000,9.084084,0.120000,0.909011,1.021873,-0.054545,0.486089,24.277856,-23.837299,0.237267,17.000000
2e7l,1816.729160,7.000000,0.363636,3.000000,9.137056,0.111111,0.902578,1.786482,0.133333,28.745312,61.574506,-32.855407,-0.449875,22.000000
2esv,1963.878444,6.000000,0.400000,5.000000,8.823529,0.074074,0.899124,0.882586,-0.066667,9.289480,37.297656,-27.999917,0.512633,20.000000
2f53,1922.882180,5.000000,0.448276,6.000000,8.456483,0.142857,0.858114,1.701608,-0.130435,29.745699,62.267501,-32.480772,0.129670,29.000000
2f54,2063.696984,5.000000,0.500000,6.000000,8.286738,0.100000,0.852829,1.851395,0.029412,27.974350,62.271096,-34.315892,0.232737,30.000000
2gj6,1880.991531,8.000000,0.476190,6.000000,6.968889,0.037037,0.772730,0.112712,0.107143,24.106092,54.617275,-30.531107,-0.256560,21.000000
2iam,2181.414534,9.000000,0.500000,5.000000,8.889610,0.062500,0.884812,0.782723,0.054054,10.719272,43.378032,-32.629499,0.456946,26.000000
2ian,2227.695107,9.000000,0.500000,5.000000,9.096346,0.066667,0.890101,0.942873,0.081081,17.725056,46.064580,-28.330621,0.322597,26.000000
2j8u,1991.129599,7.000000,0.400000,1.000000,8.287305,0.034483,0.821908,2.517321,0.180328,18.096023,49.491812,-31.363456,-0.269444,20.000000
2jcc,1971.777991,7.000000,0.363636,4.000000,8.390654,0.037037,0.821755,2.793208,0.253731,32.142025,60.395206,-28.267203,-0.469982,22.000000
2nx5,2073.918671,7.000000,0.166667,6.000000,8.176656,0.033333,0.833937,0.964291,-0.083333,21.695157,45.646997,-23.953300,0.395875,24.000000
2oi9,1692.250839,7.000000,0.285714,3.000000,8.838480,0.107143,0.896725,1.578185,0.016393,10.953778,42.943195,-31.937619,0.014067,21.000000
2ol3,1461.135492,4.000000,0.000000,6.000000,4.454545,0.136364,0.580780,2.617078,1.000000,15.473223,33.806753,-18.330151,-0.146032,14.000000
2p5e,2044.601504,6.000000,0.466667,6.000000,8.550476,0.173913,0.844867,1.699546,-0.104478,33.122999,68.524806,-35.373565,0.072275,30.000000
2p5w,2061.884335,6.000000,0.466667,6.000000,8.334405,0.160000,0.842941,1.800655,-0.083333,31.776115,66.583352,-34.799591,0.181493,30.000000
2pxy,1981.203046,9.000000,0.454545,3.000000,7.894815,0.062500,0.832305,1.524748,0.205479,37.977450,66.344250,-28.347479,-0.770289,22.000000
2pye,1880.456769,5.000000,0.448276,6.000000,8.618834,0.150000,0.851936,1.581464,-0.032258,29.052527,62.450630,-33.418659,0.175513,29.000000
2uwe,1977.935249,8.000000,0.333333,4.000000,8.254777,0.032258,0.814767,2.833213,0.277778,36.749862,63.160389,-26.416349,-0.257302,24.000000
2vlj,1461.186473,6.000000,0.421053,4.000000,7.490667,0.090909,0.834261,1.077164,-0.283019,27.745477,53.052591,-25.323922,-0.626285,19.000000
2vlk,1499.287671,5.000000,0.368421,4.000000,7.087193,0.095238,0.828784,0.974510,-0.372549,31.154905,53.940043,-22.779040,-0.668279,19.000000
2vlr,1536.354707,5.000000,0.368421,3.000000,7.010782,0.100000,0.824109,0.852248,-0.372549,31.570175,53.292188,-21.740489,-0.518587,19.000000
2wbj,2507.382443,2.000000,0.000000,1.000000,2.322581,0.071429,0.386177,-0.310155,-1.000000,-2.049042,5.015651,-7.064693,0.481394,4.000000
2ypl,1484.453159,8.000000,0.173913,8.000000,6.825806,0.040000,0.770636,0.771216,0.391304,35.583794,61.099618,-25.529801,-0.147614,23.000000
2z31,1977.492599,8.000000,0.476190,2.000000,8.344828,0.064516,0.843593,1.621523,0.212121,37.281759,63.937914,-26.669399,-0.799008,21.000000
3c5z,2228.002958,8.000000,0.454545,5.000000,7.758389,0.071429,0.847058,0.575277,0.088235,9.144335,47.408825,-38.237396,-0.084663,22.000000
3c60,1424.859018,7.000000,0.466667,0.000000,7.411765,0.181818,0.842332,0.164378,-0.285714,-15.691110,12.607105,-28.298408,0.940871,15.000000
3c6l,1786.539485,9.000000,0.450000,4.000000,9.290323,0.166667,0.869384,-0.086576,-0.083333,1.597012,25.600387,-24.025793,0.396209,20.000000
3d39,1735.086380,7.000000,0.500000,4.000000,6.793970,0.040000,0.777377,0.066140,0.153846,20.289720,38.023150,-17.750472,-0.001826,18.000000
3d3v,1732.259223,7.000000,0.470588,6.000000,6.899204,0.083333,0.781445,0.105182,0.215686,20.056251,35.939874,-15.864383,-0.006187,17.000000
3dxa,2010.535091,7.000000,0.468750,4.000000,8.752137,0.083333,0.872898,2.131151,0.000000,16.210607,63.179571,-46.970665,0.531901,31.000000
3e2h,1753.179515,6.000000,0.333333,2.000000,7.500000,0.037037,0.870677,2.130902,0.066667,18.935812,48.941305,-30.051617,-0.531199,18.000000
3e3q,1646.841781,5.000000,0.277778,1.000000,7.396088,0.086957,0.858082,2.864551,-0.018182,19.807956,43.308055,-23.513352,-0.395661,18.000000
3ffc,2127.234112,6.000000,0.111111,4.000000,6.080820,0.076923,0.786844,-0.279811,-0.211268,0.192101,31.313509,-31.107414,0.079828,18.000000
3gsn,1877.022141,8.000000,0.500000,3.000000,10.084011,0.074074,0.886284,0.833274,-0.049180,25.369284,53.418341,-28.043469,0.188090,26.000000
3h9s,1843.723785,8.000000,0.500000,6.000000,8.309904,0.083333,0.796425,0.525266,0.294118,19.412774,48.247492,-28.834867,-0.165000,22.000000
3hg1,1919.165752,9.000000,0.357143,6.000000,8.892308,0.034483,0.811500,0.880359,0.000000,37.299569,62.807920,-25.488319,0.138143,28.000000
3kpr,2258.310769,6.000000,0.409091,3.000000,8.672131,0.074074,0.860724,1.973403,0.159420,14.897431,54.587223,-39.707486,-0.448500,22.000000
3kps,2250.004562,7.000000,0.380952,2.000000,8.626866,0.071429,0.861111,1.832449,0.117647,7.691312,47.037882,-39.361196,-0.340608,21.000000
3kxf,1745.337773,7.000000,0.428571,10.000000,7.876923,0.105263,0.757984,-0.259511,0.093750,80.798541,119.712703,-38.982024,-0.688870,35.000000
3mbe,2635.454808,15.000000,0.500000,1.000000,9.470423,0.051282,0.900795,0.519067,0.073171,5.316903,55.771369,-50.479158,0.871357,38.000000
3mv7,1835.888564,10.000000,0.444444,10.000000,8.966265,0.040000,0.836860,-0.024071,0.278689,29.437755,75.517680,-46.057886,0.082207,36.000000
3mv8,1869.698648,10.000000,0.457143,8.000000,8.593533,0.038462,0.838280,-0.124343,0.278689,30.208511,76.696944,-46.491528,0.007095,35.000000
3mv9,1852.321972,10.000000,0.444444,8.000000,9.225225,0.038462,0.846572,0.097638,0.218750,30.097212,73.441739,-43.364644,0.123359,36.000000
3nfj,518.299868,5.000000,0.000000,3.000000,2.959732,0.222222,0.240761,0.869038,-1.000000,,,,,
3o4l,2144.737495,6.000000,0.391304,3.000000,8.966102,0.033333,0.860900,2.175485,0.072464,26.864126,52.810317,-25.941695,0.009424,23.000000
3o6f,1895.326970,9.000000,0.392857,3.000000,8.086495,0.035714,0.843787,1.372333,-0.260274,39.610816,75.149449,-35.492783,-0.458204,28.000000
3pl6,1575.810862,8.000000,0.307692,2.000000,5.966942,0.173913,0.761942,-0.088701,-0.052632,9.132564,31.257915,-22.121413,-0.799339,13.000000
3pqy,1668.331444,7.000000,0.384615,7.000000,9.469697,0.050000,0.860009,2.001480,0.000000,28.187186,58.230275,-30.024760,0.275552,26.000000
3pwp,1922.134130,8.000000,0.318182,4.000000,7.219570,0.035714,0.785722,-0.137086,0.309091,16.809696,47.953857,-31.127574,-0.174810,22.000000
3qdg,2161.957708,8.000000,0.458333,7.000000,9.752381,0.071429,0.877108,0.395313,0.093750,14.892818,40.815041,-25.914145,0.212203,24.000000
3qdj,2110.074821,7.000000,0.411765,3.000000,8.450704,0.080000,0.872405,0.339484,0.133333,2.554631,27.002197,-24.474742,0.086963,17.000000
3qdm,1648.191787,8.000000,0.307692,2.000000,7.943765,0.043478,0.781497,0.730888,-0.263158,30.865034,57.301210,-26.431936,-0.029615,26.000000
3qeq,1839.795210,6.000000,0.238095,2.000000,8.108108,0.043478,0.791420,2.564949,-0.266667,24.974120,43.038391,-18.113779,0.055960,21.000000
3qfj,1931.024108,8.000000,0.375000,5.000000,7.034026,0.034483,0.778758,-0.049656,0.213115,19.149148,48.875669,-29.713487,0.137630,24.000000
3qib,2553.936649,9.000000,0.468750,9.000000,7.728736,0.030303,0.835223,1.168954,0.048780,43.220434,74.148477,-30.964108,0.250842,32.000000
3qiu,2423.203078,9.000000,0.454545,10.000000,7.322654,0.031250,0.825215,1.400711,-0.025000,38.813517,68.409334,-29.569780,0.333666,33.000000
3qiw,2441.718205,9.000000,0.483871,7.000000,7.977901,0.031250,0.841181,1.323391,0.052632,40.882515,67.108506,-26.221982,0.233137,31.000000
3rdt,1529.324175,6.000000,0.466667,3.000000,5.659933,0.157895,0.731958,0.184062,-0.317073,-7.139316,18.163534,-25.325040,0.343915,15.000000
3rgv,1568.730931,5.000000,0.333333,0.000000,8.134454,0.157895,0.838108,2.060790,-0.136364,3.128411,19.047475,-15.919512,-0.010884,12.000000
3sjv,1964.583216,6.000000,0.470588,3.000000,9.473684,0.035714,0.900192,1.179609,0.133333,15.868625,38.892029,-23.011322,-0.246692,17.000000
3t0e,2229.089886,14.000000,0.312500,4.000000,8.422402,0.057143,0.850233,1.182103,-0.291139,48.231254,84.211338,-36.042471,-0.465460,32.000000
3tf7,1343.369950,4.000000,0.000000,2.000000,2.299363,0.200000,0.483543,0.839101,1.000000,,,,,
3tfk,1618.143194,6.000000,0.444444,5.000000,7.824513,0.086957,0.868147,1.785245,-0.056604,3.426170,27.600805,-24.182186,0.597110,18.000000
3tjh,1611.231050,6.000000,0.370370,3.000000,8.326733,0.150000,0.849227,0.854531,-0.172414,8.603203,46.588172,-38.002094,0.445473,27.000000
3tpu,2197.488367,7.000000,0.346154,4.000000,10.169014,0.066667,0.907507,1.534073,-0.052632,21.055691,51.891184,-30.820048,0.143404,26.000000
3uts,1311.383548,7.000000,0.411765,4.000000,6.810945,0.150000,0.768066,0.888820,0.135135,19.089428,39.160691,-20.074538,0.121027,17.000000
3utt,1341.849206,7.000000,0.350000,5.000000,7.272727,0.105263,0.759736,0.496937,0.050000,15.760826,45.062593,-29.252549,0.274613,20.000000
3vxm,1852.855653,8.000000,0.333333,1.000000,7.822472,0.076923,0.771030,0.336472,0.559322,19.148330,45.460762,-26.322782,0.327530,27.000000
3vxr,1823.987294,9.000000,0.482759,3.000000,9.137056,0.038462,0.849896,1.452252,-0.100000,24.261655,55.543844,-31.261646,0.317366,28.000000
3vxs,1919.793819,8.000000,0.500000,3.000000,9.061947,0.074074,0.870787,1.887829,-0.062500,23.651347,53.289025,-29.662025,0.169476,26.000000
3vxu,2279.419872,7.000000,0.230769,3.000000,8.620047,0.093750,0.877543,1.943008,-0.139535,15.290908,55.789153,-40.497404,-0.183869,26.000000
3w0w,2083.933063,7.000000,0.230769,4.000000,10.000000,0.071429,0.885580,1.625002,-0.228571,19.586645,52.902255,-33.311966,0.010415,26.000000
4e41,2059.769465,8.000000,0.400000,3.000000,8.201550,0.080000,0.811028,0.887672,0.304348,10.721824,37.474351,-26.772721,-0.023286,20.000000
4eup,1819.896991,7.000000,0.250000,5.000000,7.752784,0.083333,0.807937,0.551032,-0.220339,36.756788,50.088646,-13.332523,-0.124230,20.000000
4euq,1738.184920,9.000000,0.384615,5.000000,8.114219,0.076923,0.805817,0.155719,-0.118644,32.664592,56.847625,-24.190244,0.295794,26.000000
4ftv,2060.762761,8.000000,0.464286,8.000000,7.521327,0.066667,0.781321,0.641129,0.217391,32.018930,63.806865,-31.775535,0.168465,28.000000
4g8g,1771.050578,7.000000,0.481481,2.000000,9.000000,0.272727,0.868154,0.902868,0.087719,13.323977,50.587684,-37.259969,-0.063871,27.000000
4g9f,1742.146707,6.000000,0.454545,1.000000,8.944785,0.300000,0.873558,0.916757,0.148148,18.385262,52.747843,-34.418863,-0.595316,22.000000
4gg6,1675.366412,6.000000,0.437500,4.000000,8.194539,0.166667,0.868914,1.080492,0.061224,0.367203,25.042120,-24.693239,0.141633,16.000000
4grl,1734.471256,7.000000,0.307692,2.000000,5.442177,0.173913,0.763042,0.100363,-0.100000,-0.683104,29.396407,-30.095862,-0.711567,13.000000
4h1l,2143.471232,8.000000,0.384615,2.000000,7.275527,0.074074,0.806654,1.680610,-0.194030,34.268795,67.401913,-33.100654,-0.039388,25.000000
4jfd,2293.222522,9.000000,0.333333,6.000000,9.172117,0.062500,0.817269,1.201708,-0.068493,39.513217,61.296086,-21.791616,0.414429,30.000000
4jfe,2405.057025,9.000000,0.333333,6.000000,9.031250,0.088235,0.812308,0.973449,-0.088235,38.108401,59.566107,-21.470033,0.233986,27.000000
4jff,2330.400180,9.000000,0.357143,7.000000,8.876712,0.058824,0.811180,0.808070,-0.083333,38.897486,60.614034,-21.739333,0.253753,28.000000
4jrx,1738.411353,7.000000,0.444444,10.000000,8.640082,0.190476,0.801800,0.426565,0.261538,84.328200,122.276236,-37.929551,-0.599603,36.000000
4jry,1913.879645,7.000000,0.000000,7.000000,6.140351,0.111111,0.691086,3.233999,-0.085714,23.417811,39.734468,-16.304685,0.298724,19.000000
4l3e,2209.121534,9.000000,0.458333,3.000000,8.844765,0.064516,0.877349,0.432133,0.114286,13.754135,43.185845,-29.427311,0.048249,24.000000
4may,1640.724925,7.000000,0.416667,1.000000,5.571429,0.136364,0.760421,0.381614,-0.128205,1.929268,30.853104,-28.953128,-0.894493,12.000000
4mji,2172.930839,8.000000,0.500000,3.000000,8.288828,0.028571,0.866341,1.641569,0.153846,14.556799,37.635006,-23.094721,0.218691,20.000000
4mnq,2495.124778,8.000000,0.370370,4.000000,8.334247,0.031250,0.858658,0.812618,0.205128,27.899549,60.991924,-33.112243,-0.236040,27.000000
4ms8,1513.975760,4.000000,0.090909,0.000000,7.155477,0.130435,0.807320,1.874690,-0.111111,3.957284,21.078313,-17.121268,-0.244745,11.000000
4mvb,1592.440744,4.000000,0.125000,2.000000,7.557143,0.100000,0.819603,2.064470,-0.173913,9.028807,30.897248,-21.881146,-0.112480,16.000000
4mxq,1565.958802,5.000000,0.166667,3.000000,7.170370,0.150000,0.851035,0.595554,-0.318182,3.614519,26.292029,-22.674224,-0.528319,12.000000
4n0c,1529.935064,7.000000,0.250000,1.000000,6.939759,0.083333,0.856293,1.460164,-0.083333,-2.555849,29.728194,-32.234818,-0.089882,16.000000
4n5e,1743.579173,8.000000,0.500000,4.000000,8.393013,0.071429,0.873114,2.099496,-0.032258,2.161585,33.969812,-31.814714,0.409353,22.000000
4nhu,1449.697531,7.000000,0.000000,3.000000,7.448276,0.111111,0.740710,1.595427,0.722222,49.891966,74.551712,-24.683455,-0.875546,21.000000
4ozf,1687.263083,5.000000,0.076923,2.000000,4.780083,0.125000,0.717078,0.819027,-0.625000,7.717743,24.281768,-16.537448,-0.124654,13.000000
4ozg,2061.937415,5.000000,0.230769,2.000000,6.400000,0.111111,0.795927,1.297798,-0.178571,6.442548,22.334139,-15.879847,-0.012576,13.000000
4ozh,2039.913883,6.000000,0.266667,4.000000,6.893069,0.115385,0.816633,0.938270,-0.118644,7.639784,26.769982,-19.134222,0.017584,15.000000
4ozi,2044.710392,8.000000,0.500000,0.000000,8.627219,0.037037,0.876982,0.941856,0.185185,3.417060,25.046505,-21.621081,-0.324429,14.000000
4p23,1576.491431,6.000000,0.444444,4.000000,5.975309,0.157895,0.733199,0.415864,-0.272727,-8.355193,20.234090,-28.608837,0.644965,18.000000
4p2o,2224.160049,9.000000,0.480000,5.000000,7.270123,0.034483,0.830575,0.684636,0.095890,18.428277,49.354795,-30.901561,0.167478,25.000000
4p2q,2078.849036,8.000000,0.440000,7.000000,7.171642,0.037037,0.768832,1.712636,0.290323,25.805190,52.463318,-26.636622,0.103536,25.000000
4p2r,1957.463450,9.000000,0.461538,4.000000,7.339250,0.037037,0.778321,1.455762,0.245902,23.858392,49.421946,-25.604528,0.337134,26.000000
4p46,1535.895884,6.000000,0.428571,2.000000,5.179272,0.157895,0.717198,0.090972,-0.348837,-1.074361,19.513756,-20.572041,0.116400,14.000000
4p4k,1897.448776,8.000000,0.368421,4.000000,6.736211,0.080000,0.790260,0.977251,0.132075,12.903382,39.957493,-27.070489,-0.023259,19.000000
4p5t,1958.410753,7.000000,0.380952,3.000000,8.152225,0.083333,0.848153,0.152469,0.050847,6.774554,31.696594,-24.932204,0.271674,21.000000
4prh,1982.962941,10.000000,0.444444,8.000000,9.047109,0.038462,0.844161,0.427546,0.292308,27.613645,74.915251,-47.282510,0.130440,36.000000
4pri,2070.286462,9.000000,0.444444,10.000000,9.326711,0.038462,0.851377,-0.076961,0.230769,30.102836,76.751571,-46.619454,0.068965,36.000000
4prp,1886.836828,10.000000,0.432432,9.000000,9.164859,0.040000,0.843709,0.020677,0.292308,25.892381,73.126931,-47.251022,0.248699,37.000000
4qok,2002.129509,9.000000,0.384615,6.000000,8.677291,0.034483,0.813627,0.680066,0.000000,40.817549,65.025039,-24.229380,-0.089672,26.000000
4qrp,2163.841206,7.000000,0.421053,0.000000,7.361502,0.037037,0.760520,2.670530,0.071429,25.236824,44.031991,-18.780422,0.173435,19.000000
4y19,1434.896859,8.000000,0.071429,1.000000,4.584906,0.272727,0.556630,-0.747214,-0.925926,3.880920,27.236058,-23.361960,-0.242964,14.000000
4y1a,1281.480273,6.000000,0.000000,0.000000,3.976471,0.210526,0.563317,-1.471288,-0.846154,6.397775,25.817006,-19.429069,-0.897776,10.000000
4z7u,1847.189715,8.000000,0.476190,5.000000,8.593533,0.103448,0.887216,0.372075,0.081967,0.365806,27.865963,-27.478940,0.307803,21.000000
4z7v,1839.650345,8.000000,0.363636,6.000000,7.860262,0.076923,0.871342,0.623283,-0.100000,1.765710,27.042125,-25.242614,0.402707,22.000000
4z7w,2309.993399,12.000000,0.370370,4.000000,9.025000,0.062500,0.873372,1.148623,0.000000,-3.211803,32.502080,-35.696046,0.731234,27.000000
4zez,2154.083331,9.000000,0.318182,4.000000,8.518027,0.033333,0.862786,1.052904,0.134328,29.360716,58.557945,-29.129880,-0.636523,22.000000
5brz,1799.207479,7.000000,0.466667,2.000000,5.792873,0.041667,0.776842,0.582605,0.490196,-6.751440,13.303783,-20.058070,1.054208,15.000000
5bs0,1918.367624,6.000000,0.470588,3.000000,5.824242,0.043478,0.795359,0.393827,0.451613,-10.083535,15.149635,-25.205819,0.935288,17.000000
5c07,1645.837640,9.000000,0.409091,5.000000,7.488136,0.125000,0.772529,1.209703,-0.063830,12.868674,42.283915,-29.383862,0.425294,22.000000
5c08,1528.913983,8.000000,0.333333,4.000000,7.736842,0.045455,0.802205,0.947885,0.142857,11.571550,41.526172,-29.975714,0.513087,21.000000
5c09,1491.111538,8.000000,0.350000,5.000000,7.277056,0.142857,0.762861,1.199200,0.073171,20.750583,43.072268,-22.297787,0.311673,20.000000
5c0a,1324.211211,7.000000,0.444444,6.000000,7.608696,0.125000,0.813246,0.327397,-0.142857,10.500823,37.303315,-26.778906,0.239169,18.000000
5c0b,1643.189202,9.000000,0.450000,4.000000,7.805654,0.120000,0.823244,1.107551,-0.063830,11.947871,41.673282,-29.699397,0.223556,19.000000
5c0c,1615.131324,9.000000,0.476190,4.000000,7.836735,0.125000,0.820389,0.897942,-0.125000,16.542006,45.718696,-29.202774,0.146082,20.000000
5d2l,1824.341125,8.000000,0.375000,3.000000,8.994652,0.103448,0.842809,0.259974,0.206897,27.416309,48.901955,-21.501988,0.312151,24.000000
5d2n,1849.194793,5.000000,0.380952,3.000000,7.237006,0.130435,0.779973,2.578648,-0.152542,24.781531,48.413781,-23.666622,0.150154,21.000000
5e6i,2071.082076,8.000000,0.375000,3.000000,8.507812,0.071429,0.856159,0.753310,-0.030303,19.162073,47.757284,-28.596790,0.265492,24.000000
5e9d,1365.057910,7.000000,0.411765,2.000000,5.659933,0.190476,0.715330,0.574088,0.121951,22.495845,43.066847,-20.580683,-0.051264,17.000000
5eu6,1730.004665,7.000000,0.384615,4.000000,8.144796,0.080000,0.791631,1.053150,-0.166667,25.703248,58.590943,-32.895014,0.147834,26.000000
5euo,1720.578630,7.000000,0.400000,6.000000,7.438017,0.076923,0.824798,0.606602,-0.200000,38.312819,59.497190,-21.186197,-0.612530,20.000000
5hhm,1419.559466,5.000000,0.350000,5.000000,6.906077,0.100000,0.821114,0.918940,-0.400000,27.808234,54.307781,-26.509396,-0.428511,20.000000
5hho,1487.341552,5.000000,0.315789,4.000000,6.830601,0.105263,0.812247,0.918940,-0.480000,36.644769,57.824327,-21.192164,-0.740595,19.000000
5hyj,1581.459784,7.000000,0.421053,7.000000,7.296552,0.041667,0.789517,1.210445,-0.043478,16.353080,42.738530,-26.389006,0.144793,19.000000
5isz,1901.338897,7.000000,0.454545,5.000000,7.929385,0.080000,0.856910,1.130066,-0.220339,34.037439,52.608025,-18.637963,-0.176702,22.000000
5ivx,1941.856596,8.000000,0.363636,2.000000,8.880668,0.111111,0.846673,1.567369,-0.147541,31.887572,58.379089,-26.442699,-0.561667,22.000000
5jhd,2080.682922,7.000000,0.476190,4.000000,7.469218,0.071429,0.848086,0.760674,0.074627,29.393347,58.496816,-29.124173,-0.735738,21.000000
5jzi,2171.550875,9.000000,0.280000,4.000000,8.703839,0.032258,0.870856,1.187313,0.188406,27.760813,58.224563,-30.452445,-0.187550,25.000000
5ks9,2223.994851,9.000000,0.454545,6.000000,7.827476,0.068966,0.869213,0.021919,0.228571,20.263578,46.053966,-25.777133,-0.319551,22.000000
5ksa,1794.327819,6.000000,0.444444,8.000000,9.149837,0.083333,0.884859,0.709496,0.245283,-10.152717,19.647413,-29.789011,0.423388,18.000000
5ksb,1999.786509,7.000000,0.416667,9.000000,9.191257,0.080000,0.883522,0.489548,-0.137931,3.954986,30.651736,-26.684000,0.613512,24.000000
5m00,1565.856801,7.000000,0.384615,2.000000,8.491228,0.173913,0.812749,3.610918,0.045455,15.347068,33.980596,-18.666013,-0.603800,13.000000
5m01,1651.819648,7.000000,0.357143,3.000000,8.194539,0.120000,0.807161,3.761200,0.020408,15.577891,34.565285,-18.988144,-0.425315,14.000000
5m02,1635.156213,7.000000,0.318182,5.000000,9.009685,0.208333,0.822991,2.812870,-0.180328,23.780871,51.321866,-27.541730,0.184315,22.000000
5men,2225.723305,8.000000,0.360000,6.000000,7.767334,0.033333,0.827542,0.559096,0.295775,33.795656,65.701575,-31.904641,-0.473482,25.000000
5nht,1762.147104,9.000000,0.464286,3.000000,11.288591,0.080000,0.908672,0.277632,0.034483,20.254392,45.685318,-25.449579,0.467530,28.000000
5nme,2078.082047,9.000000,0.458333,8.000000,8.376812,0.032258,0.799367,2.018976,0.147059,28.147740,48.455534,-20.332996,0.307418,24.000000
5nmf,2026.565960,8.000000,0.440000,8.000000,8.422139,0.034483,0.812926,1.579850,0.194030,22.394256,46.530847,-24.127943,0.493917,25.000000
5nmg,2024.209640,8.000000,0.391304,8.000000,7.926829,0.034483,0.790269,1.775285,0.169231,26.746290,45.731278,-18.986524,0.245831,23.000000
5nqk,1737.615035,9.000000,0.480000,2.000000,10.813793,0.080000,0.903394,0.014441,0.035714,27.344580,49.066712,-21.741727,0.099377,25.000000
5sws,1849.269638,6.000000,0.000000,2.000000,3.540984,0.160000,0.521504,-3.993248,-0.111111,32.554390,45.716149,-13.186357,-1.790301,12.000000
5swz,1904.965552,6.000000,0.000000,2.000000,3.827751,0.111111,0.536108,-3.891820,-0.200000,36.825466,51.956468,-15.151695,-1.407252,13.000000
5tez,1697.889747,6.000000,0.411765,2.000000,8.086538,0.080000,0.877270,1.241713,0.034483,8.742671,37.376892,-28.676844,-0.458199,17.000000
5til,1641.227592,7.000000,0.363636,3.000000,9.136483,0.200000,0.824210,2.820812,-0.118644,19.157422,49.645348,-30.479518,0.184815,22.000000
5tje,1641.019933,6.000000,0.285714,5.000000,8.225316,0.217391,0.803307,2.614960,-0.122807,26.648107,51.437718,-24.816194,-0.019189,21.000000
5w1v,2127.061274,6.000000,0.277778,4.000000,7.695811,0.148148,0.800941,3.736081,0.107692,21.409392,35.551095,-14.147775,0.440548,18.000000
5w1w,2097.337899,6.000000,0.250000,4.000000,7.410256,0.076923,0.804386,2.564949,0.147059,16.361730,35.487988,-19.116038,0.789101,20.000000
5wkf,1778.452020,6.000000,0.173913,3.000000,7.031250,0.095238,0.755421,1.308113,-0.433333,31.367369,58.732617,-27.377799,-0.337631,23.000000
5wkh,1796.568039,6.000000,0.181818,4.000000,6.870229,0.090909,0.744503,1.511799,-0.400000,32.543092,60.130948,-27.587646,-0.444854,22.000000
5wlg,2099.543762,5.000000,0.133333,2.000000,7.566929,0.033333,0.853900,0.587787,0.161290,11.626335,33.749884,-22.107748,-0.100199,15.000000
5xot,966.619113,4.000000,0.000000,1.000000,2.935310,0.142857,0.430455,0.678758,-1.000000,,,,,
5xov,519.507496,5.000000,0.000000,3.000000,2.959732,0.222222,0.240761,0.869038,-1.000000,,,,,
5yxn,2157.805025,10.000000,0.296296,4.000000,8.747604,0.030303,0.885554,0.866811,0.243243,31.930064,68.469039,-36.532954,-0.367960,27.000000
5yxu,2048.670884,9.000000,0.296296,5.000000,8.961240,0.031250,0.876933,1.445060,0.264706,23.510870,63.677799,-40.096431,-0.051333,27.000000
6am5,1998.572170,9.000000,0.409091,3.000000,8.904348,0.068966,0.842195,0.550831,0.093750,11.972831,37.661956,-25.622811,0.137509,22.000000
6amu,1660.631978,8.000000,0.478261,4.000000,8.901370,0.125000,0.835786,1.219973,0.052632,26.614657,54.372313,-27.743685,-0.382587,23.000000
6avf,1571.021943,8.000000,0.368421,0.000000,6.915033,0.086957,0.744231,1.210445,0.478261,7.406179,46.525502,-39.134418,-0.536623,19.000000
6avg,2314.353075,10.000000,0.288462,8.000000,7.471111,0.064516,0.821287,2.444945,-0.195122,57.460299,129.465790,-72.001362,-0.089259,52.000000
6bga,2935.184286,6.000000,0.095238,5.000000,4.097833,0.028571,0.652384,-0.134003,0.088608,58.728264,85.379156,-26.708819,NaN,21.000000
6bj2,2072.590204,5.000000,0.388889,4.000000,7.003215,0.040000,0.813426,1.349927,0.121212,23.128649,44.357572,-21.225019,-0.132926,17.000000
6bj3,886.713157,4.000000,0.000000,2.000000,3.000000,0.142857,0.464266,0.678758,-1.000000,,,,,
6bj8,896.956332,4.000000,0.000000,2.000000,3.158470,0.142857,0.487601,0.167933,-1.000000,,,,,
6cql,1788.759271,9.000000,0.451613,9.000000,8.125604,0.083333,0.854604,-0.448305,-0.206897,18.620935,61.639491,-43.024891,0.296046,31.000000
6cqn,1739.912808,9.000000,0.437500,9.000000,8.593533,0.083333,0.873905,-0.079310,-0.180328,17.625019,59.681640,-42.055965,0.500793,32.000000
6cqq,1792.410367,9.000000,0.482759,9.000000,8.165049,0.083333,0.848740,-0.669050,-0.103448,18.942376,58.786002,-39.884660,0.165381,29.000000
6cqr,1938.793354,8.000000,0.466667,9.000000,8.647059,0.080000,0.872029,0.082580,-0.174603,18.342950,59.267792,-40.905771,0.298377,30.000000
6d78,2080.133507,8.000000,0.333333,4.000000,9.000000,0.062500,0.880617,0.688413,0.014493,12.279061,39.105739,-26.811775,0.084074,21.000000
6dfs,1558.821242,6.000000,0.222222,3.000000,7.573427,0.076923,0.811651,0.440108,0.333333,4.953629,33.457382,-28.511204,0.326501,18.000000
6dfw,1832.850506,9.000000,0.380952,2.000000,7.020057,0.035714,0.789568,2.333109,0.057143,13.322617,35.521869,-22.197801,0.396280,21.000000
6dfx,2174.545844,11.000000,0.360000,3.000000,8.959368,0.031250,0.877055,-0.181020,0.301587,9.228293,41.156810,-31.901942,0.021652,25.000000
6dkp,2134.997414,9.000000,0.434783,6.000000,8.962963,0.062500,0.869990,0.331562,0.060606,10.121502,43.330992,-33.185052,0.016448,23.000000
6eqa,1922.650117,8.000000,0.296296,3.000000,8.796690,0.038462,0.796121,1.081840,-0.147541,30.455406,59.990081,-29.529275,0.456059,27.000000
6eqb,2223.137586,8.000000,0.260870,5.000000,8.783784,0.064516,0.792254,1.083489,-0.107692,39.967842,60.123194,-20.183971,-0.165034,23.000000
6g9q,1562.146266,7.000000,0.411765,2.000000,8.464000,0.136364,0.813551,2.598566,0.130435,18.009073,43.912814,-25.877217,-0.384013,17.000000
6l9l,1686.832006,6.000000,0.391304,8.000000,10.467128,0.173913,0.890854,1.632695,0.127273,29.764123,51.191668,-21.391469,0.017223,23.000000
6mkd,1494.943804,7.000000,0.333333,5.000000,5.101617,0.150000,0.670618,0.863341,-0.063830,6.432732,25.855785,-19.432613,0.199787,15.000000
6mkr,1522.164875,8.000000,0.375000,2.000000,5.552553,0.150000,0.681474,0.926608,0.023256,-1.772874,22.541674,-24.318654,0.549573,16.000000
6mng,1480.609722,7.000000,0.333333,6.000000,5.348668,0.190476,0.689593,1.044908,-0.021277,5.583842,24.900014,-19.320534,0.293854,15.000000
6mnm,1488.773841,7.000000,0.333333,4.000000,5.284404,0.150000,0.685776,1.006442,-0.083333,6.429368,26.941474,-20.536951,0.206986,15.000000
6mnn,1467.598992,7.000000,0.333333,5.000000,5.737662,0.150000,0.719779,1.210077,-0.021277,2.420764,23.578664,-21.177312,0.367380,15.000000
6mno,1469.143663,7.000000,0.333333,6.000000,5.097345,0.200000,0.677195,0.826300,-0.041667,2.371893,24.248084,-21.880160,0.290766,15.000000
6mtm,1764.703568,6.000000,0.466667,3.000000,7.653951,0.083333,0.843738,1.647417,-0.132075,5.168761,31.878000,-26.721419,-0.338993,15.000000
6p64,1682.999251,6.000000,0.461538,1.000000,9.741573,0.045455,0.845616,0.990691,0.372549,-8.469788,29.856205,-38.344236,0.841592,26.000000
6px6,2011.640668,11.000000,0.400000,1.000000,8.966265,0.133333,0.899318,0.140103,-0.081967,-3.694627,34.664820,-38.342674,0.472830,25.000000
6py2,1808.846225,6.000000,0.312500,3.000000,6.072897,0.160000,0.725099,3.832980,-0.333333,12.446020,33.489340,-21.047220,0.568742,16.000000
6q3s,2120.213934,6.000000,0.481481,6.000000,8.390411,0.086957,0.846252,2.163749,0.000000,30.231977,62.978369,-32.765864,-0.151220,27.000000
6r0e,1965.460575,7.000000,0.478261,3.000000,9.722543,0.083333,0.891695,2.095424,-0.034483,12.251978,46.394426,-34.099030,-0.027275,22.000000
6r2l,2533.722749,8.000000,0.461538,6.000000,8.112000,0.032258,0.818501,1.684945,0.153846,41.310795,64.623462,-23.284704,-0.079870,26.000000
6rp9,1331.434449,4.000000,0.260870,3.000000,8.610063,0.125000,0.806487,1.680897,-0.405405,12.516825,45.797953,-33.291827,0.177954,23.000000
6rpa,2177.429147,7.000000,0.482759,4.000000,8.521008,0.166667,0.822519,3.391751,-0.076923,27.233048,57.478674,-30.274437,0.455946,29.000000
6rpb,1790.115245,6.000000,0.480000,6.000000,7.293023,0.052632,0.800397,1.286665,-0.392857,13.677051,54.009994,-40.342922,0.496509,25.000000
6rsy,2194.083383,7.000000,0.391304,5.000000,8.088677,0.064516,0.842033,1.140263,0.038961,11.710177,39.489881,-27.798162,0.246723,23.000000
6tmo,2256.861892,9.000000,0.357143,6.000000,9.050269,0.032258,0.813803,0.947381,-0.042254,37.151989,60.926638,-23.770068,0.286129,28.000000
6tro,1753.212113,6.000000,0.350000,4.000000,5.862629,0.120000,0.728512,2.428374,0.396825,32.802684,64.692048,-31.847324,-0.819703,20.000000
6u3n,2165.248388,7.000000,0.333333,0.000000,6.296572,0.111111,0.805317,1.607927,-0.169231,6.681674,28.124265,-21.427226,-0.222398,15.000000
6u3o,1796.849940,5.000000,0.071429,1.000000,4.357532,0.166667,0.710716,0.795680,-0.632653,4.967804,21.015182,-16.045662,0.326966,14.000000
6uk4,1772.165479,7.000000,0.437500,3.000000,10.650888,0.047619,0.890848,0.669050,0.400000,-5.000567,38.753329,-43.734828,0.797099,32.000000
6ulr,1850.134481,5.000000,0.250000,1.000000,4.737160,0.041667,0.685096,0.541536,0.392857,14.431048,28.236456,-13.792610,-1.142974,8.000000
6uon,1367.493713,5.000000,0.312500,2.000000,7.243386,0.117647,0.791004,2.797998,0.081081,13.464671,30.074240,-16.611421,0.071144,16.000000
6v0y,1976.665367,8.000000,0.250000,1.000000,7.254197,0.115385,0.851686,0.027525,-0.418182,18.944882,43.860577,-24.915460,-0.788694,16.000000
6v13,1666.964009,7.000000,0.294118,1.000000,6.120000,0.090909,0.771194,0.682029,-0.686275,22.688820,45.800317,-23.151983,-0.717344,17.000000
6v15,1555.217181,6.000000,0.142857,1.000000,5.702970,0.150000,0.735452,0.802784,-0.791667,15.441456,35.240521,-19.721796,-0.693965,14.000000
6v18,2019.797109,9.000000,0.434783,3.000000,8.356522,0.068966,0.881859,0.097638,-0.419355,16.944689,50.930948,-33.999922,-0.256490,23.000000
6v19,1913.527736,8.000000,0.250000,1.000000,6.758621,0.120000,0.826973,0.236389,-0.535714,14.549609,36.644014,-22.093278,-0.471553,16.000000
6v1a,1855.650854,8.000000,0.250000,2.000000,6.237410,0.111111,0.814476,0.319414,-0.568627,10.565613,39.102365,-28.549265,-0.549221,16.000000
6vm7,1795.850901,5.000000,0.227273,3.000000,7.518359,0.136364,0.831579,0.375858,-0.355932,10.741553,42.320549,-31.554800,0.091183,22.000000
6vm8,1784.598420,5.000000,0.227273,2.000000,7.609407,0.083333,0.835244,0.282768,-0.311475,10.741553,42.428146,-31.621950,0.089619,22.000000
6vma,1702.028958,7.000000,0.473684,3.000000,5.744376,0.095238,0.732531,1.321023,0.509434,0.623470,25.921784,-25.280639,0.435916,19.000000
6vmc,1757.992611,7.000000,0.473684,3.000000,5.281250,0.086957,0.711283,1.254332,0.500000,4.954863,28.804767,-23.822179,0.332111,19.000000
6vmx,1794.385901,5.000000,0.500000,4.000000,9.669145,0.142857,0.887237,1.480778,0.019608,24.975358,49.826903,-24.866724,-0.405347,20.000000
6vqo,1426.438410,7.000000,0.434783,8.000000,6.915033,0.055556,0.775819,0.201941,0.434783,-2.824372,30.821132,-33.659855,0.530756,23.000000
6vrm,1562.128434,5.000000,0.272727,6.000000,7.653951,0.058824,0.802340,1.655131,-0.056604,29.120413,52.575080,-23.465432,-0.025002,22.000000
6vrn,1684.256139,6.000000,0.291667,8.000000,10.730159,0.090909,0.903173,0.627699,0.192308,3.288882,32.293185,-29.034917,0.834433,24.000000
6xc9,2330.405030,15.000000,0.365854,8.000000,8.672087,0.058824,0.893406,-0.779198,-0.175000,63.302307,105.061281,-41.730189,-0.126611,41.000000
6xco,2053.214984,13.000000,0.407407,5.000000,8.657244,0.030303,0.891503,-0.789157,-0.057143,17.440503,54.375558,-36.891238,-0.081148,27.000000
6xcp,2014.819381,11.000000,0.476190,4.000000,7.280303,0.103448,0.869944,-0.284146,-0.129032,-4.376421,28.182599,-32.548503,0.102743,21.000000
6zkw,1635.085502,5.000000,0.312500,4.000000,7.905775,0.058824,0.845211,1.110845,0.137255,1.407664,22.576969,-21.178014,1.110550,16.000000
6zkx,1975.164012,5.000000,0.333333,4.000000,6.728000,0.045455,0.836216,0.783203,-0.172414,6.589110,23.826571,-17.223045,0.894327,15.000000
6zky,1571.587568,5.000000,0.384615,2.000000,7.387960,0.058824,0.829544,1.594512,0.063830,1.465298,19.770783,-18.304325,0.706386,13.000000
6zkz,1700.803737,5.000000,0.333333,4.000000,8.153605,0.052632,0.866276,1.200938,0.098039,1.986936,21.534033,-19.524871,0.951435,15.000000
7byd,1773.657346,3.000000,0.000000,2.000000,4.827637,0.086957,0.687161,1.887499,-0.087719,-3.064315,14.373734,-17.423910,0.771550,10.000000
7dzm,1381.190516,5.000000,0.500000,5.000000,6.299213,0.187500,0.736248,0.071642,-0.200000,18.402048,33.584971,-15.185905,-0.149995,14.000000
7dzn,1342.091888,5.000000,0.500000,4.000000,6.208163,0.117647,0.732691,0.143101,-0.230769,17.437445,33.296598,-15.858272,-0.147636,14.000000
7jwi,1819.979615,6.000000,0.000000,2.000000,3.840125,0.074074,0.530887,-4.241981,-0.200000,34.507803,49.105174,-14.589306,-1.149162,13.000000
7jwj,1483.590603,5.000000,0.058824,1.000000,6.428571,0.086957,0.780175,0.198322,-0.600000,4.491519,28.597767,-24.114942,0.574488,17.000000
7n1e,1603.735976,6.000000,0.448276,6.000000,6.707317,0.200000,0.763595,1.475090,-0.127273,20.263370,55.705940,-35.434545,0.430408,29.000000
7n1f,1808.699450,7.000000,0.444444,6.000000,11.320557,0.040000,0.913902,0.901990,0.157895,12.794104,48.225635,-35.460087,0.421683,27.000000
7n2n,1797.620837,5.000000,0.375000,1.000000,6.660099,0.111111,0.771403,0.954663,0.192308,28.846192,46.064061,-17.241276,-0.488335,16.000000
7n2o,1871.535927,6.000000,0.500000,1.000000,6.126050,0.083333,0.742936,0.358212,0.222222,26.595728,49.523151,-22.924636,-0.065711,20.000000
7n2p,1739.390512,7.000000,0.363636,2.000000,7.047722,0.071429,0.798220,0.679688,0.052632,31.050087,53.799289,-22.731269,0.172653,22.000000
7n2q,1746.541782,7.000000,0.363636,2.000000,6.538117,0.080000,0.774961,0.758889,0.074074,29.793031,54.689579,-24.884466,0.085364,22.000000
7n2r,1610.711807,5.000000,0.277778,2.000000,5.454369,0.080000,0.728808,1.009912,0.056604,22.412521,45.371204,-22.985654,0.008983,18.000000
7n2s,2048.659185,6.000000,0.368421,3.000000,7.197292,0.074074,0.792644,1.126200,0.278689,28.848528,54.217805,-25.368950,-0.249414,19.000000
7n4k,1657.241496,7.000000,0.384615,8.000000,10.200000,0.052632,0.882213,2.247235,0.058824,30.039665,59.844161,-29.780497,0.175854,26.000000
7n5c,1583.513557,7.000000,0.370370,8.000000,10.562500,0.055556,0.890008,1.733216,0.076923,31.392185,63.471381,-32.073726,0.297940,27.000000
7n5p,1649.493864,7.000000,0.407407,7.000000,9.785235,0.100000,0.876854,2.390336,0.000000,27.185388,58.270022,-31.090685,0.304113,27.000000
7n6e,2030.845073,8.000000,0.437500,6.000000,10.588972,0.037037,0.872132,1.296874,0.138462,17.676911,59.156037,-41.529320,1.017854,32.000000
7na5,1474.952920,6.000000,0.470588,3.000000,6.594030,0.150000,0.764299,2.563483,-0.148936,4.988670,25.703517,-20.727476,0.496166,17.000000
7ndq,2054.134013,8.000000,0.285714,1.000000,8.643077,0.035714,0.817365,4.155753,-0.245283,22.734857,37.703676,-14.983765,-0.383695,14.000000
7ndt,1861.342452,5.000000,0.444444,5.000000,7.898172,0.080000,0.869919,1.270617,-0.163636,14.010684,34.303377,-20.253320,0.430065,18.000000
7ndu,1941.195077,8.000000,0.307692,1.000000,8.437642,0.111111,0.823330,3.795793,-0.147541,22.059582,34.115039,-12.061743,-0.252414,13.000000
7nme,2152.434598,6.000000,0.481481,6.000000,9.657201,0.066667,0.922876,0.591589,-0.072464,17.487467,40.840117,-23.345507,0.652359,27.000000
7nmf,2118.179263,6.000000,0.440000,7.000000,9.332640,0.034483,0.914695,0.608279,-0.044776,11.926626,38.990801,-27.020979,0.468196,25.000000
7nmg,2117.164943,6.000000,0.481481,6.000000,9.410901,0.032258,0.908409,0.655813,-0.044776,16.021019,40.838376,-24.833677,0.565240,27.000000
7ow5,1658.269677,6.000000,0.350000,3.000000,6.849498,0.086957,0.786774,0.713399,0.218750,11.686780,39.196664,-27.522607,0.334926,20.000000
7ow6,1642.502325,6.000000,0.333333,3.000000,6.937603,0.125000,0.782797,0.690790,0.200000,12.120073,41.821292,-29.726950,0.213480,21.000000
7pb2,1617.764419,6.000000,0.333333,2.000000,6.481013,0.136364,0.765444,0.683668,0.125000,15.247791,43.537723,-28.266228,0.185888,21.000000
7pbc,2017.350663,5.000000,0.481481,3.000000,8.217391,0.086957,0.882998,0.690819,0.142857,19.711792,51.470306,-31.737521,0.262938,27.000000
7pbe,1915.340084,7.000000,0.483871,10.000000,11.128035,0.035714,0.921002,0.918077,0.014085,25.320982,61.644046,-36.276459,0.408300,31.000000
7pdw,2112.556214,6.000000,0.448276,5.000000,8.677291,0.040000,0.893987,0.513271,0.212121,19.443573,50.860867,-31.370928,0.553591,29.000000
7phr,2120.980633,7.000000,0.304348,1.000000,8.920821,0.033333,0.849113,2.172907,-0.051282,14.878509,46.203785,-31.322383,-0.089198,23.000000
7q99,2008.590684,9.000000,0.428571,6.000000,9.285714,0.034483,0.830485,0.722135,-0.015385,39.924864,65.788282,-25.874180,0.032561,28.000000
7q9a,1935.504120,9.000000,0.384615,5.000000,9.066667,0.034483,0.831795,0.777705,-0.029412,44.060903,66.000967,-21.923324,-0.160583,26.000000
7q9b,2187.239298,10.000000,0.379310,5.000000,8.029326,0.090909,0.795370,0.837293,-0.243243,30.047441,57.178244,-27.129255,0.421143,29.000000
7qpj,2032.235781,5.000000,0.480000,3.000000,8.140655,0.086957,0.882991,0.510826,0.107692,19.108807,46.341342,-27.265560,0.244175,25.000000
7r80,1999.189845,5.000000,0.368421,5.000000,7.758621,0.086957,0.860336,0.063051,-0.200000,22.654953,44.956185,-22.298867,-0.436276,19.000000
7rdv,2289.935876,10.000000,0.346154,8.000000,10.797753,0.064516,0.891190,1.142097,-0.129032,-6.695005,40.056226,-46.737420,0.461196,26.000000
7rk7,1736.444126,8.000000,0.360000,5.000000,8.541176,0.083333,0.821359,1.813124,0.212121,38.629455,61.817341,-23.188681,0.285685,25.000000
7rm4,1567.792147,5.000000,0.210526,2.000000,7.643599,0.111111,0.796051,0.820981,0.234043,14.732327,41.986292,-27.236094,0.446689,19.000000
7rtr,1766.434925,7.000000,0.481481,4.000000,12.078067,0.041667,0.932670,0.601650,0.192982,10.882469,47.986415,-37.141282,0.449755,27.000000
7sg0,1922.503417,8.000000,0.260870,2.000000,7.952941,0.120000,0.868953,0.274571,-0.346154,2.057605,34.728982,-32.632193,0.229325,23.000000
7sg1,2293.612142,9.000000,0.285714,1.000000,8.286738,0.033333,0.869178,0.109377,-0.176471,14.267428,42.085012,-27.802533,-0.083308,21.000000
7sg2,2247.065401,11.000000,0.272727,0.000000,8.518027,0.062500,0.875881,0.005814,-0.194030,19.431134,46.746490,-27.287443,-0.181537,22.000000
7t2b,1844.767359,10.000000,0.500000,4.000000,8.285714,0.160000,0.827020,0.534082,-0.206897,8.566831,38.241494,-29.662922,0.086528,24.000000
7t2c,2285.010060,9.000000,0.478261,4.000000,7.623748,0.111111,0.835235,1.924848,-0.041096,18.706967,46.553367,-27.843803,0.058832,23.000000
7t2d,1705.769628,7.000000,0.312500,6.000000,7.603448,0.045455,0.848844,1.609438,-0.190476,-10.790919,21.950664,-32.713073,0.287429,16.000000
7z50,1981.883980,8.000000,0.434783,4.000000,9.109005,0.068966,0.868286,0.650784,0.032258,6.032964,36.585923,-30.589375,0.132402,23.000000
8cx4,1642.201674,7.000000,0.500000,2.000000,7.151300,0.136364,0.794844,0.784778,0.200000,36.749848,58.117408,-21.393080,-0.087493,22.000000
8d5q,1584.204204,7.000000,0.280000,9.000000,7.387978,0.080000,0.825496,1.635435,-0.038462,31.760145,55.829572,-24.033848,0.066838,25.000000
8dnt,1920.663311,8.000000,0.392857,7.000000,9.338824,0.074074,0.887754,0.699439,0.301587,28.055587,57.225847,-29.176504,0.106346,28.000000
8en8,1957.497228,6.000000,0.153846,4.000000,7.699828,0.035714,0.828274,1.502263,-0.253731,32.199007,59.270228,-27.081733,0.515701,26.000000
8enh,2070.794583,5.000000,0.200000,5.000000,7.871492,0.068966,0.845566,1.385811,-0.178082,28.339989,57.556370,-29.217388,0.386138,25.000000
8eo8,1965.017887,5.000000,0.160000,4.000000,7.494157,0.068966,0.819472,1.561810,-0.253731,31.366046,58.618830,-27.246187,0.423209,25.000000
8es8,1406.586988,5.000000,0.142857,2.000000,5.038095,0.052632,0.708944,0.983732,0.217391,17.011359,38.874549,-21.875743,-0.776777,14.000000
8es9,1750.083677,4.000000,0.266667,2.000000,6.160428,0.136364,0.789941,1.569231,0.166667,19.545273,32.538626,-12.980861,0.118952,15.000000
8f5a,1883.669650,8.000000,0.370370,7.000000,8.225316,0.040000,0.842740,0.767459,-0.228070,37.812465,64.508643,-26.716464,-0.142720,27.000000
8gom,2191.499386,8.000000,0.400000,6.000000,7.890785,0.031250,0.806339,1.084693,0.029412,31.774256,67.261292,-35.467756,0.045328,30.000000
8gon,2073.254978,8.000000,0.360000,5.000000,7.502836,0.034483,0.789160,1.312270,-0.015873,36.983864,74.440956,-37.426714,-0.737886,25.000000
8gvb,2020.516094,7.000000,0.470588,2.000000,8.243902,0.103448,0.840383,1.141801,0.115385,7.676626,30.792062,-23.100962,-0.005902,16.000000
8gvg,1987.919582,6.000000,0.466667,2.000000,7.967213,0.033333,0.853487,0.787987,0.074074,1.664027,25.637354,-24.005544,0.016670,14.000000
8gvi,1985.099827,6.000000,0.470588,1.000000,8.819242,0.111111,0.872054,1.201266,-0.054545,3.417638,25.661570,-22.261197,0.297467,16.000000
8i5c,2032.515621,8.000000,0.200000,3.000000,7.800839,0.037037,0.835842,1.358123,-0.081967,5.990836,25.681380,-19.686110,0.182916,15.000000
8i5d,1873.138818,5.000000,0.384615,2.000000,6.933333,0.076923,0.797839,1.452252,0.346154,-0.502037,20.287062,-20.791270,0.215703,13.000000
8pjg,2002.336163,8.000000,0.384615,4.000000,10.055866,0.120000,0.896131,1.724466,-0.100000,7.752797,45.338971,-37.591311,0.335725,25.000000
8qfy,1911.044232,5.000000,0.333333,1.000000,7.857143,0.153846,0.820796,3.653587,-0.163636,-0.592791,17.028332,-17.656269,-0.171742,9.000000
8rj5,1493.526707,6.000000,0.421053,4.000000,6.738854,0.142857,0.759254,0.754289,0.521739,6.243432,33.196348,-26.979758,0.019409,19.000000
8rlt,1919.356459,7.000000,0.388889,2.000000,8.256881,0.037037,0.865035,1.084528,-0.066667,0.060986,25.803187,-25.725862,0.350365,18.000000
8rlu,2049.430961,7.000000,0.368421,1.000000,8.554023,0.037037,0.865578,1.250303,-0.081967,-1.326291,23.899068,-25.238293,0.583076,19.000000
8rlv,2068.439105,8.000000,0.421053,1.000000,8.391121,0.034483,0.850128,1.415011,-0.047619,0.869218,24.508899,-23.624349,0.509498,19.000000
8rro,1799.931340,6.000000,0.000000,3.000000,5.811554,0.080000,0.681796,0.627114,1.000000,19.525582,57.082530,-37.564029,0.362545,25.000000
8rym,1438.774942,5.000000,0.375000,3.000000,8.647059,0.125000,0.887751,0.215596,0.000000,9.607661,36.914590,-27.325144,-0.316518,16.000000
8ryn,1528.877151,5.000000,0.400000,3.000000,8.920705,0.157895,0.892362,0.543886,0.066667,12.930621,37.697764,-24.756672,-0.526625,15.000000
8ryo,1709.855432,6.000000,0.333333,3.000000,9.060377,0.150000,0.879731,0.289234,0.102041,15.198391,43.908412,-28.691772,-0.361790,18.000000
8ryp,1636.968912,6.000000,0.434783,7.000000,8.472313,0.050000,0.868559,0.926608,0.098039,3.719453,42.652815,-38.923859,0.137204,23.000000
8ryq,1893.252224,8.000000,0.500000,6.000000,8.595062,0.120000,0.869458,1.227824,0.254237,3.466468,39.660083,-36.175404,0.212429,24.000000
8shi,1840.295478,4.000000,0.100000,1.000000,4.730193,0.150000,0.721711,-0.595086,-0.106383,2.377808,21.530786,-19.137077,-0.471849,10.000000
8trl,1860.329628,7.000000,0.312500,4.000000,7.372703,0.115385,0.857453,0.637797,-0.169811,11.146354,34.996874,-23.865459,-0.316092,16.000000
8trq,1632.364129,8.000000,0.428571,1.000000,6.211268,0.111111,0.743513,-0.232752,0.174603,30.793032,55.849583,-25.082209,-0.505099,21.000000
8trr,1955.682104,8.000000,0.421053,1.000000,8.955224,0.107143,0.876649,0.349909,0.066667,26.259591,48.763041,-22.494501,-0.480510,19.000000
8v4z,1924.396340,7.000000,0.347826,5.000000,9.924051,0.040000,0.883550,1.459626,-0.107143,24.533498,50.979710,-26.477878,0.169085,23.000000
8v50,1865.372298,7.000000,0.363636,5.000000,9.365325,0.080000,0.872561,1.349293,-0.127273,22.783645,50.114733,-27.315454,0.077822,22.000000
8v51,1966.201979,7.000000,0.350000,5.000000,9.223529,0.037037,0.883195,1.260731,-0.071429,18.525927,48.951614,-30.422819,-0.234852,20.000000
8vcx,2173.265331,10.000000,0.500000,3.000000,7.307985,0.071429,0.868449,-0.516392,-0.032258,6.659030,34.933669,-28.300660,-0.056297,22.000000
8vcy,2112.936032,12.000000,0.461538,6.000000,8.757576,0.058824,0.907102,-0.400601,-0.088235,3.325929,36.918030,-33.608469,0.207463,26.000000
8vd0,2309.187782,12.000000,0.296296,8.000000,7.845272,0.058824,0.849739,-0.030986,0.162162,18.198277,50.182473,-31.991893,0.141056,27.000000
8vd2,2337.886545,12.000000,0.344828,8.000000,8.251429,0.060606,0.873341,-0.051847,0.105263,14.965387,50.483130,-35.470308,0.485112,29.000000
8vq8,1959.279567,8.000000,0.391304,5.000000,6.470138,0.115385,0.782753,0.233194,0.169231,4.512497,38.863154,-34.362316,-0.032928,23.000000
8wte,1665.003127,5.000000,0.000000,3.000000,6.477516,0.045455,0.746102,1.933678,-0.127273,7.099790,30.168362,-23.069549,-0.150383,13.000000
8wul,1704.137055,5.000000,0.000000,3.000000,6.369615,0.045455,0.743628,1.797652,-0.207547,6.641556,29.007971,-22.346303,-0.264312,12.000000
8ye4,1673.662400,6.000000,0.478261,5.000000,7.225434,0.041667,0.804954,0.653926,0.360000,2.602075,32.195713,-29.611554,0.426258,22.000000
8yiv,1298.661820,6.000000,0.000000,2.000000,4.922330,0.111111,0.605104,-0.240172,-1.000000,,,,,
8yj2,1234.749485,6.000000,0.000000,2.000000,4.978182,0.176471,0.609425,-0.274437,-1.000000,,,,,
9aud,1960.501534,9.000000,0.000000,8.000000,5.033278,0.074074,0.616782,0.218608,1.000000,10.984301,44.790452,-33.762746,0.028194,24.000000
9d95,2450.659291,9.000000,0.482759,5.000000,8.197605,0.031250,0.801197,2.179642,0.162162,31.218654,64.972770,-33.707169,-0.194194,29.000000
9gv6,1694.692410,6.000000,0.458333,8.000000,8.858757,0.142857,0.846111,0.847298,0.178571,19.953744,54.491857,-34.538698,0.300255,23.000000
9gv7,2074.326625,6.000000,0.166667,2.000000,5.557883,0.033333,0.771165,-1.353959,-0.154930,4.739282,26.376993,-21.614003,-0.495467,12.000000
9hlj,2034.327641,8.000000,0.272727,5.000000,7.844898,0.033333,0.802678,1.392373,0.225806,10.849078,38.458756,-27.612351,0.546417,22.000000
9iky,1890.261692,6.000000,0.200000,1.000000,6.317757,0.043478,0.796026,1.659241,0.038462,3.844897,22.305599,-18.456363,-0.344179,10.000000
9j4t,1324.862589,5.000000,0.368421,1.000000,9.092784,0.117647,0.876657,1.052782,-0.190476,5.242500,34.388368,-29.127752,0.019438,19.000000
9j4u,1684.738550,8.000000,0.384615,7.000000,9.256228,0.120000,0.844256,0.528946,0.215686,26.221065,56.532889,-30.314118,-0.091827,26.000000
9k2i,1870.330460,6.000000,0.480000,5.000000,6.815603,0.125000,0.762643,2.188066,-0.193548,27.637296,57.445983,-29.801239,-0.071941,25.000000
9k2r,1649.251282,7.000000,0.500000,4.000000,8.189504,0.100000,0.836202,0.869038,-0.132075,26.030600,56.974652,-30.934155,-0.196401,24.000000
9nds,1940.846913,8.000000,0.433333,4.000000,7.612613,0.074074,0.779887,0.255042,0.169231,22.730448,63.103604,-40.420692,0.264898,29.000000
9nig,1760.940167,5.000000,0.444444,4.000000,8.521739,0.080000,0.825164,2.197225,0.071429,2.511409,27.022008,-24.507815,0.334147,18.000000
9nmu,1800.990823,8.000000,0.450000,5.000000,10.017391,0.041667,0.889622,1.071414,0.041667,24.562159,47.336509,-22.774994,-0.099993,20.000000
9nmv,2036.258552,8.000000,0.500000,4.000000,9.250765,0.074074,0.873609,1.078358,0.127273,19.193772,44.813542,-25.638772,0.181659,22.000000
9nmw,1975.889205,8.000000,0.478261,5.000000,9.789644,0.076923,0.880937,1.121735,0.127273,21.083349,48.218354,-27.145642,0.177354,23.000000
9nmx,2126.367723,8.000000,0.500000,5.000000,9.011494,0.074074,0.869976,1.116825,0.142857,22.200396,47.439771,-25.264410,0.086715,22.000000
9nmy,1993.273271,8.000000,0.478261,5.000000,9.789644,0.076923,0.880937,1.121735,0.127273,23.335543,49.332357,-25.980067,0.124640,23.000000
9pbg,1831.809269,7.000000,0.458333,2.000000,7.147844,0.083333,0.781046,0.680244,0.152542,33.497316,55.815718,-22.315757,0.082147,24.000000
9pbh,1787.569940,6.000000,0.458333,2.000000,6.989091,0.041667,0.796164,0.434817,0.193548,25.625853,51.097676,-25.476778,0.356357,24.000000
9ru5,1951.131595,6.000000,0.363636,3.000000,7.401813,0.037037,0.835732,1.512131,-0.085714,28.272304,55.668063,-27.404894,-0.416087,22.000000
9rup,1612.866965,4.000000,0.071429,1.000000,3.313725,0.142857,0.509418,1.408767,-0.384615,26.762117,47.722698,-20.958588,-0.415687,14.000000
9rxm,1829.529126,5.000000,0.315789,2.000000,7.476923,0.043478,0.789422,3.928023,0.148148,26.177416,54.758872,-28.592402,-0.807820,19.000000
9wbd,1835.535801,5.000000,0.172414,4.000000,8.229314,0.080000,0.844760,0.481439,-0.220339,16.914082,53.180598,-36.281750,0.694166,28.000000
